timestamp,project_name,run_id,experiment_id,duration,emissions,emissions_rate,cpu_power,gpu_power,ram_power,cpu_energy,gpu_energy,ram_energy,energy_consumed,country_name,country_iso_code,region,cloud_provider,cloud_region,os,python_version,codecarbon_version,cpu_count,cpu_model,gpu_count,gpu_model,longitude,latitude,ram_total_size,tracking_mode,on_cloud,pue
2025-03-01T21:30:23,codecarbon,9d25ee4e-1fa9-4086-ba67-4514700c6bd4,5b0fa12a-3dd7-45bb-9766-cc326314d9f1,44.44177294400288,0.000745882298698,1.6783360547695322e-05,140.0,0.0,2.9038896560668945,0.0017280986756056,0,3.5841348472450404e-05,0.001763940024078,United States,USA,arizona,,,Linux-6.5.0-1025-azure-x86_64-with-glibc2.31,3.12.1,2.8.3,2,AMD EPYC 7763 64-Core Processor,,,-112.0748,33.4532,7.743705749511719,machine,N,1.0
2025-03-01T22:23:18,codecarbon,5d9e3840-a308-46ae-be6c-bec0d1acc453,5b0fa12a-3dd7-45bb-9766-cc326314d9f1,45.23604407100356,0.0007591732946481,1.678248640523313e-05,140.0,0.0,2.9038896560668945,0.0017588945397332,0,3.647741369514375e-05,0.0017953719534283,United States,USA,arizona,,,Linux-6.5.0-1025-azure-x86_64-with-glibc2.31,3.12.1,2.8.3,2,AMD EPYC 7763 64-Core Processor,,,-112.0748,33.4532,7.743705749511719,machine,N,1.0
2025-03-01T22:24:59,codecarbon,650038f1-9ad6-4c2c-999c-64ebb6a4d5d5,5b0fa12a-3dd7-45bb-9766-cc326314d9f1,44.85646481100412,0.0007528552980109,1.678365205958692e-05,140.0,0.0,2.9038896560668945,0.0017442547473943,0,3.617575057959969e-05,0.0017804304979739,United States,USA,arizona,,,Linux-6.5.0-1025-azure-x86_64-with-glibc2.31,3.12.1,2.8.3,2,AMD EPYC 7763 64-Core Processor,,,-112.0748,33.4532,7.743705749511719,machine,N,1.0
2025-03-01T22:30:04,codecarbon,bf3449bf-203f-4bf7-9885-608645032bc2,5b0fa12a-3dd7-45bb-9766-cc326314d9f1,2.296186694999051,3.85186282106424e-05,1.67750419835345e-05,140.0,0.0,2.9038896560668945,8.924285537218061e-05,0,1.85000216303318e-06,9.10928575352138e-05,United States,USA,arizona,,,Linux-6.5.0-1025-azure-x86_64-with-glibc2.31,3.12.1,2.8.3,2,AMD EPYC 7763 64-Core Processor,,,-112.0748,33.4532,7.743705749511719,machine,N,1.0
2025-03-01T22:30:07,codecarbon,bf3449bf-203f-4bf7-9885-608645032bc2,5b0fa12a-3dd7-45bb-9766-cc326314d9f1,5.2712568510032725,8.843001090353939e-05,1.6775887307921373e-05,140.0,0.0,2.9038896560668945,0.0002048872189389,0,4.24126666082963e-06,0.0002091284855998,United States,USA,arizona,,,Linux-6.5.0-1025-azure-x86_64-with-glibc2.31,3.12.1,2.8.3,2,AMD EPYC 7763 64-Core Processor,,,-112.0748,33.4532,7.743705749511719,machine,N,1.0
2025-03-01T22:30:11,codecarbon,bf3449bf-203f-4bf7-9885-608645032bc2,5b0fa12a-3dd7-45bb-9766-cc326314d9f1,9.916832166003587,0.0001663821653682,1.6777753478440823e-05,140.0,0.0,2.9038896560668945,0.0003854916429776,0,7.986203725770023e-06,0.0003934778467034,United States,USA,arizona,,,Linux-6.5.0-1025-azure-x86_64-with-glibc2.31,3.12.1,2.8.3,2,AMD EPYC 7763 64-Core Processor,,,-112.0748,33.4532,7.743705749511719,machine,N,1.0
2025-03-01T22:30:16,codecarbon,bf3449bf-203f-4bf7-9885-608645032bc2,5b0fa12a-3dd7-45bb-9766-cc326314d9f1,14.493807673003175,0.000243041143826,1.676861935175072e-05,140.0,0.0,2.9038896560668945,0.0005630997332332,0,1.166923747546996e-05,0.0005747689707087,United States,USA,arizona,,,Linux-6.5.0-1025-azure-x86_64-with-glibc2.31,3.12.1,2.8.3,2,AMD EPYC 7763 64-Core Processor,,,-112.0748,33.4532,7.743705749511719,machine,N,1.0
2025-03-01T22:30:19,codecarbon,bf3449bf-203f-4bf7-9885-608645032bc2,5b0fa12a-3dd7-45bb-9766-cc326314d9f1,18.0448857099982,0.0003026249755762,1.677067843154013e-05,140.0,0.0,2.9038896560668945,0.000701147305911,0,1.4531706228554277e-05,0.0007156790121396,United States,USA,arizona,,,Linux-6.5.0-1025-azure-x86_64-with-glibc2.31,3.12.1,2.8.3,2,AMD EPYC 7763 64-Core Processor,,,-112.0748,33.4532,7.743705749511719,machine,N,1.0
2025-03-01T22:30:24,codecarbon,bf3449bf-203f-4bf7-9885-608645032bc2,5b0fa12a-3dd7-45bb-9766-cc326314d9f1,22.39614659899962,0.000375633919379,1.677225667900331e-05,140.0,0.0,2.9038896560668945,0.0008702988211941,0,1.803933343230455e-05,0.0008883381546264,United States,USA,arizona,,,Linux-6.5.0-1025-azure-x86_64-with-glibc2.31,3.12.1,2.8.3,2,AMD EPYC 7763 64-Core Processor,,,-112.0748,33.4532,7.743705749511719,machine,N,1.0
2025-03-01T22:30:29,codecarbon,bf3449bf-203f-4bf7-9885-608645032bc2,5b0fa12a-3dd7-45bb-9766-cc326314d9f1,27.31073315299728,0.0004580980141841,1.6773552420502375e-05,140.0,0.0,2.9038896560668945,0.0010613565285551,0,2.2001292887510687e-05,0.0010833578214426,United States,USA,arizona,,,Linux-6.5.0-1025-azure-x86_64-with-glibc2.31,3.12.1,2.8.3,2,AMD EPYC 7763 64-Core Processor,,,-112.0748,33.4532,7.743705749511719,machine,N,1.0
2025-03-01T22:30:34,codecarbon,bf3449bf-203f-4bf7-9885-608645032bc2,5b0fa12a-3dd7-45bb-9766-cc326314d9f1,32.41008341200359,0.000543652733482,1.677418495259627e-05,140.0,0.0,2.9038896560668945,0.0012595745362663,0,2.611198218614791e-05,0.0012856865184525,United States,USA,arizona,,,Linux-6.5.0-1025-azure-x86_64-with-glibc2.31,3.12.1,2.8.3,2,AMD EPYC 7763 64-Core Processor,,,-112.0748,33.4532,7.743705749511719,machine,N,1.0
2025-03-01T22:30:40,codecarbon,bf3449bf-203f-4bf7-9885-608645032bc2,5b0fa12a-3dd7-45bb-9766-cc326314d9f1,38.8914141819987,0.0006524344193362,1.677579571375529e-05,140.0,0.0,2.9038896560668945,0.0015116057915774,0,3.133896976391758e-05,0.0015429447613413,United States,USA,arizona,,,Linux-6.5.0-1025-azure-x86_64-with-glibc2.31,3.12.1,2.8.3,2,AMD EPYC 7763 64-Core Processor,,,-112.0748,33.4532,7.743705749511719,machine,N,1.0
2025-03-01T22:30:47,codecarbon,bf3449bf-203f-4bf7-9885-608645032bc2,5b0fa12a-3dd7-45bb-9766-cc326314d9f1,45.32346351900196,0.0007603757373129,1.6776646758122362e-05,140.0,0.0,2.9038896560668945,0.0017616900172662,0,3.652559761758287e-05,0.0017982156148838,United States,USA,arizona,,,Linux-6.5.0-1025-azure-x86_64-with-glibc2.31,3.12.1,2.8.3,2,AMD EPYC 7763 64-Core Processor,,,-112.0748,33.4532,7.743705749511719,machine,N,1.0
2025-03-01T22:32:44,codecarbon,72390f37-b21a-4b80-80a5-f9aad4660694,5b0fa12a-3dd7-45bb-9766-cc326314d9f1,2.448178441001801,4.1070896669775314e-05,1.677610421770114e-05,140.0,0.0,2.9038896560668945,9.515599955557264e-05,0,1.972727841568819e-06,9.712872739714148e-05,United States,USA,arizona,,,Linux-6.5.0-1025-azure-x86_64-with-glibc2.31,3.12.1,2.8.3,2,AMD EPYC 7763 64-Core Processor,,,-112.0748,33.4532,7.743705749511719,machine,N,1.0
2025-03-01T22:32:47,codecarbon,72390f37-b21a-4b80-80a5-f9aad4660694,5b0fa12a-3dd7-45bb-9766-cc326314d9f1,5.396520214999327,9.052973311855034e-05,1.6775575650940392e-05,140.0,0.0,2.9038896560668945,0.0002097456231109,0,4.348503932479345e-06,0.0002140941270434,United States,USA,arizona,,,Linux-6.5.0-1025-azure-x86_64-with-glibc2.31,3.12.1,2.8.3,2,AMD EPYC 7763 64-Core Processor,,,-112.0748,33.4532,7.743705749511719,machine,N,1.0
2025-03-01T22:32:51,codecarbon,72390f37-b21a-4b80-80a5-f9aad4660694,5b0fa12a-3dd7-45bb-9766-cc326314d9f1,9.562871919995814,0.0001604414256565,1.677753576528024e-05,140.0,0.0,2.9038896560668945,0.0003717212091054,0,7.707358551580837e-06,0.0003794285676569,United States,USA,arizona,,,Linux-6.5.0-1025-azure-x86_64-with-glibc2.31,3.12.1,2.8.3,2,AMD EPYC 7763 64-Core Processor,,,-112.0748,33.4532,7.743705749511719,machine,N,1.0
2025-03-01T22:32:55,codecarbon,72390f37-b21a-4b80-80a5-f9aad4660694,5b0fa12a-3dd7-45bb-9766-cc326314d9f1,13.472964560998662,0.0002260426942623,1.6777502326158024e-05,140.0,0.0,2.9038896560668945,0.0005237104497722,0,1.0858819743757453e-05,0.0005345692695159,United States,USA,arizona,,,Linux-6.5.0-1025-azure-x86_64-with-glibc2.31,3.12.1,2.8.3,2,AMD EPYC 7763 64-Core Processor,,,-112.0748,33.4532,7.743705749511719,machine,N,1.0
2025-03-01T22:32:58,codecarbon,72390f37-b21a-4b80-80a5-f9aad4660694,5b0fa12a-3dd7-45bb-9766-cc326314d9f1,16.833066416998918,0.0002824105184331,1.6777128506305676e-05,140.0,0.0,2.9038896560668945,0.0006543073269054,0,1.3566434885731623e-05,0.0006678737617912,United States,USA,arizona,,,Linux-6.5.0-1025-azure-x86_64-with-glibc2.31,3.12.1,2.8.3,2,AMD EPYC 7763 64-Core Processor,,,-112.0748,33.4532,7.743705749511719,machine,N,1.0
2025-03-01T22:33:03,codecarbon,72390f37-b21a-4b80-80a5-f9aad4660694,5b0fa12a-3dd7-45bb-9766-cc326314d9f1,21.391490422996867,0.0003588910380506,1.677728063607861e-05,140.0,0.0,2.9038896560668945,0.0008315022722221,0,1.7240575550796263e-05,0.0008487428477729,United States,USA,arizona,,,Linux-6.5.0-1025-azure-x86_64-with-glibc2.31,3.12.1,2.8.3,2,AMD EPYC 7763 64-Core Processor,,,-112.0748,33.4532,7.743705749511719,machine,N,1.0
2025-03-01T22:33:08,codecarbon,72390f37-b21a-4b80-80a5-f9aad4660694,5b0fa12a-3dd7-45bb-9766-cc326314d9f1,26.856144286000927,0.0004505930082475,1.677802306425643e-05,140.0,0.0,2.9038896560668945,0.0010439634012499,0,2.1645801710054656e-05,0.0010656092029599,United States,USA,arizona,,,Linux-6.5.0-1025-azure-x86_64-with-glibc2.31,3.12.1,2.8.3,2,AMD EPYC 7763 64-Core Processor,,,-112.0748,33.4532,7.743705749511719,machine,N,1.0
2025-03-01T22:33:13,codecarbon,72390f37-b21a-4b80-80a5-f9aad4660694,5b0fa12a-3dd7-45bb-9766-cc326314d9f1,31.51582131099713,0.000528757138405,1.677751416303846e-05,140.0,0.0,2.9038896560668945,0.0012250584261223,0,2.5401440102846483e-05,0.0012504598662251,United States,USA,arizona,,,Linux-6.5.0-1025-azure-x86_64-with-glibc2.31,3.12.1,2.8.3,2,AMD EPYC 7763 64-Core Processor,,,-112.0748,33.4532,7.743705749511719,machine,N,1.0
2025-03-01T22:33:20,codecarbon,72390f37-b21a-4b80-80a5-f9aad4660694,5b0fa12a-3dd7-45bb-9766-cc326314d9f1,38.36457405299734,0.0006437298388468,1.6779277621006208e-05,140.0,0.0,2.9038896560668945,0.0014914351265333,0,3.0924137679580834e-05,0.0015223592642129,United States,USA,arizona,,,Linux-6.5.0-1025-azure-x86_64-with-glibc2.31,3.12.1,2.8.3,2,AMD EPYC 7763 64-Core Processor,,,-112.0748,33.4532,7.743705749511719,machine,N,1.0
2025-03-01T22:33:27,codecarbon,72390f37-b21a-4b80-80a5-f9aad4660694,5b0fa12a-3dd7-45bb-9766-cc326314d9f1,45.80840029499814,0.000768647905461,1.6779627765019512e-05,140.0,0.0,2.9038896560668945,0.0017808522450446,0,3.692625329658988e-05,0.0018177784983412,United States,USA,arizona,,,Linux-6.5.0-1025-azure-x86_64-with-glibc2.31,3.12.1,2.8.3,2,AMD EPYC 7763 64-Core Processor,,,-112.0748,33.4532,7.743705749511719,machine,N,1.0
2025-03-01T22:33:50,codecarbon,7201a21d-0be1-46f6-b2fe-69eaa709dd6b,5b0fa12a-3dd7-45bb-9766-cc326314d9f1,2.71943418400042,4.5589742119481387e-05,1.67644219476629e-05,140.0,0.0,2.9038896560668945,0.000105625481111,0,2.189881919195237e-06,0.0001078153630302,United States,USA,arizona,,,Linux-6.5.0-1025-azure-x86_64-with-glibc2.31,3.12.1,2.8.3,2,AMD EPYC 7763 64-Core Processor,,,-112.0748,33.4532,7.743705749511719,machine,N,1.0
2025-03-01T22:33:53,codecarbon,7201a21d-0be1-46f6-b2fe-69eaa709dd6b,5b0fa12a-3dd7-45bb-9766-cc326314d9f1,5.894259453001723,9.886293971113244e-05,1.6772749910217357e-05,140.0,0.0,2.9038896560668945,0.0002290527026665,0,4.748657895165331e-06,0.0002338013605617,United States,USA,arizona,,,Linux-6.5.0-1025-azure-x86_64-with-glibc2.31,3.12.1,2.8.3,2,AMD EPYC 7763 64-Core Processor,,,-112.0748,33.4532,7.743705749511719,machine,N,1.0
2025-03-01T22:33:58,codecarbon,7201a21d-0be1-46f6-b2fe-69eaa709dd6b,5b0fa12a-3dd7-45bb-9766-cc326314d9f1,10.894674531002238,0.000182778423586,1.6776859470741938e-05,140.0,0.0,2.9038896560668945,0.0004234736717942,0,8.779751385542065e-06,0.0004322534231797,United States,USA,arizona,,,Linux-6.5.0-1025-azure-x86_64-with-glibc2.31,3.12.1,2.8.3,2,AMD EPYC 7763 64-Core Processor,,,-112.0748,33.4532,7.743705749511719,machine,N,1.0
2025-03-01T22:34:03,codecarbon,7201a21d-0be1-46f6-b2fe-69eaa709dd6b,5b0fa12a-3dd7-45bb-9766-cc326314d9f1,16.24521354400349,0.0002725663540092,1.677825614732565e-05,140.0,0.0,2.9038896560668945,0.000631499399922,0,1.3093858147329287e-05,0.0006445932580693,United States,USA,arizona,,,Linux-6.5.0-1025-azure-x86_64-with-glibc2.31,3.12.1,2.8.3,2,AMD EPYC 7763 64-Core Processor,,,-112.0748,33.4532,7.743705749511719,machine,N,1.0
2025-03-01T22:34:08,codecarbon,7201a21d-0be1-46f6-b2fe-69eaa709dd6b,5b0fa12a-3dd7-45bb-9766-cc326314d9f1,20.90111402799812,0.0003506878872533,1.6778430412061275e-05,140.0,0.0,2.9038896560668945,0.000812502802883,0,1.6840380840884526e-05,0.0008293431837239,United States,USA,arizona,,,Linux-6.5.0-1025-azure-x86_64-with-glibc2.31,3.12.1,2.8.3,2,AMD EPYC 7763 64-Core Processor,,,-112.0748,33.4532,7.743705749511719,machine,N,1.0
2025-03-01T22:34:12,codecarbon,7201a21d-0be1-46f6-b2fe-69eaa709dd6b,5b0fa12a-3dd7-45bb-9766-cc326314d9f1,25.37337349700101,0.0004257303722011,1.6778627101024172e-05,140.0,0.0,2.9038896560668945,0.000986365508022,0,2.0445947756122472e-05,0.0010068114557782,United States,USA,arizona,,,Linux-6.5.0-1025-azure-x86_64-with-glibc2.31,3.12.1,2.8.3,2,AMD EPYC 7763 64-Core Processor,,,-112.0748,33.4532,7.743705749511719,machine,N,1.0
2025-03-01T22:34:18,codecarbon,7201a21d-0be1-46f6-b2fe-69eaa709dd6b,5b0fa12a-3dd7-45bb-9766-cc326314d9f1,30.81657138199808,0.0005170800220358,1.677928461366506e-05,140.0,0.0,2.9038896560668945,0.0011980093809443,0,2.483522619058044e-05,0.0012228446071349,United States,USA,arizona,,,Linux-6.5.0-1025-azure-x86_64-with-glibc2.31,3.12.1,2.8.3,2,AMD EPYC 7763 64-Core Processor,,,-112.0748,33.4532,7.743705749511719,machine,N,1.0
2025-03-01T22:34:22,codecarbon,7201a21d-0be1-46f6-b2fe-69eaa709dd6b,5b0fa12a-3dd7-45bb-9766-cc326314d9f1,35.36160478999955,0.0005933061402067,1.6778258332172078e-05,140.0,0.0,2.9038896560668945,0.00137461460885,0,2.849744927071757e-05,0.0014031120581207,United States,USA,arizona,,,Linux-6.5.0-1025-azure-x86_64-with-glibc2.31,3.12.1,2.8.3,2,AMD EPYC 7763 64-Core Processor,,,-112.0748,33.4532,7.743705749511719,machine,N,1.0
2025-03-01T22:34:28,codecarbon,7201a21d-0be1-46f6-b2fe-69eaa709dd6b,5b0fa12a-3dd7-45bb-9766-cc326314d9f1,41.40367060899735,0.0006947135430731,1.677903270059805e-05,140.0,0.0,2.9038896560668945,0.0016095611805779,0,3.336964917216879e-05,0.0016429308297501,United States,USA,arizona,,,Linux-6.5.0-1025-azure-x86_64-with-glibc2.31,3.12.1,2.8.3,2,AMD EPYC 7763 64-Core Processor,,,-112.0748,33.4532,7.743705749511719,machine,N,1.0
2025-03-01T22:34:35,codecarbon,7201a21d-0be1-46f6-b2fe-69eaa709dd6b,5b0fa12a-3dd7-45bb-9766-cc326314d9f1,48.10814399600349,0.0008071065231267,1.6776920830572627e-05,140.0,0.0,2.9038896560668945,0.0018699596152999,0,3.876982139922547e-05,0.0019087294366992,United States,USA,arizona,,,Linux-6.5.0-1025-azure-x86_64-with-glibc2.31,3.12.1,2.8.3,2,AMD EPYC 7763 64-Core Processor,,,-112.0748,33.4532,7.743705749511719,machine,N,1.0
2025-03-01T22:34:49,codecarbon,fcae6409-814c-46c8-b13b-039a18be5fd8,5b0fa12a-3dd7-45bb-9766-cc326314d9f1,2.678524672999629,4.495913766778063e-05,1.6785037719078294e-05,140.0,0.0,2.9038896560668945,0.0001041638085054,0,2.160235541018332e-06,0.0001063240440464,United States,USA,arizona,,,Linux-6.5.0-1025-azure-x86_64-with-glibc2.31,3.12.1,2.8.3,2,AMD EPYC 7763 64-Core Processor,,,-112.0748,33.4532,7.743705749511719,machine,N,1.0
2025-03-01T22:34:53,codecarbon,fcae6409-814c-46c8-b13b-039a18be5fd8,5b0fa12a-3dd7-45bb-9766-cc326314d9f1,6.549700137999025,0.0001099373683621,1.67850994771966e-05,140.0,0.0,2.9038896560668945,0.0002547087188331,0,5.282602229568021e-06,0.0002599913210626,United States,USA,arizona,,,Linux-6.5.0-1025-azure-x86_64-with-glibc2.31,3.12.1,2.8.3,2,AMD EPYC 7763 64-Core Processor,,,-112.0748,33.4532,7.743705749511719,machine,N,1.0
2025-03-01T22:34:57,codecarbon,fcae6409-814c-46c8-b13b-039a18be5fd8,5b0fa12a-3dd7-45bb-9766-cc326314d9f1,11.06266484400112,0.0001856882170642,1.6785125436114775e-05,140.0,0.0,2.9038896560668945,0.0004302121549444,0,8.922650441179457e-06,0.0004391348053856,United States,USA,arizona,,,Linux-6.5.0-1025-azure-x86_64-with-glibc2.31,3.12.1,2.8.3,2,AMD EPYC 7763 64-Core Processor,,,-112.0748,33.4532,7.743705749511719,machine,N,1.0
2025-03-01T22:35:01,codecarbon,fcae6409-814c-46c8-b13b-039a18be5fd8,5b0fa12a-3dd7-45bb-9766-cc326314d9f1,15.05897244800144,0.0002527668173518,1.678513047451588e-05,140.0,0.0,2.9038896560668945,0.000585623316289,0,1.2145938543819329e-05,0.0005977692548328,United States,USA,arizona,,,Linux-6.5.0-1025-azure-x86_64-with-glibc2.31,3.12.1,2.8.3,2,AMD EPYC 7763 64-Core Processor,,,-112.0748,33.4532,7.743705749511719,machine,N,1.0
2025-03-01T22:35:04,codecarbon,fcae6409-814c-46c8-b13b-039a18be5fd8,5b0fa12a-3dd7-45bb-9766-cc326314d9f1,18.094811966002453,0.0003037236964308,1.678512586930798e-05,140.0,0.0,2.9038896560668945,0.0007036828957667,0,1.45944857053891e-05,0.0007182773814721,United States,USA,arizona,,,Linux-6.5.0-1025-azure-x86_64-with-glibc2.31,3.12.1,2.8.3,2,AMD EPYC 7763 64-Core Processor,,,-112.0748,33.4532,7.743705749511719,machine,N,1.0
2025-03-01T22:35:09,codecarbon,fcae6409-814c-46c8-b13b-039a18be5fd8,5b0fa12a-3dd7-45bb-9766-cc326314d9f1,22.47482717299863,0.0003772429225261,1.6785131187989873e-05,140.0,0.0,2.9038896560668945,0.0008740160034669,0,1.81272891218574e-05,0.0008921432925887,United States,USA,arizona,,,Linux-6.5.0-1025-azure-x86_64-with-glibc2.31,3.12.1,2.8.3,2,AMD EPYC 7763 64-Core Processor,,,-112.0748,33.4532,7.743705749511719,machine,N,1.0
2025-03-01T22:35:13,codecarbon,fcae6409-814c-46c8-b13b-039a18be5fd8,5b0fa12a-3dd7-45bb-9766-cc326314d9f1,27.06096405399876,0.0004542219641163,1.6785136080516077e-05,140.0,0.0,2.9038896560668945,0.0010523649754334,0,2.182635973930757e-05,0.0010741913351727,United States,USA,arizona,,,Linux-6.5.0-1025-azure-x86_64-with-glibc2.31,3.12.1,2.8.3,2,AMD EPYC 7763 64-Core Processor,,,-112.0748,33.4532,7.743705749511719,machine,N,1.0
2025-03-01T22:35:18,codecarbon,fcae6409-814c-46c8-b13b-039a18be5fd8,5b0fa12a-3dd7-45bb-9766-cc326314d9f1,31.79875004600035,0.0005337402680723,1.6784944920796902e-05,140.0,0.0,2.9038896560668945,0.0012365970629834,0,2.564742647335185e-05,0.0012622444894567,United States,USA,arizona,,,Linux-6.5.0-1025-azure-x86_64-with-glibc2.31,3.12.1,2.8.3,2,AMD EPYC 7763 64-Core Processor,,,-112.0748,33.4532,7.743705749511719,machine,N,1.0
2025-03-01T22:35:25,codecarbon,fcae6409-814c-46c8-b13b-039a18be5fd8,5b0fa12a-3dd7-45bb-9766-cc326314d9f1,38.47538234700187,0.0006458149852036,1.6785147951986094e-05,140.0,0.0,2.9038896560668945,0.0014962573826278,0,3.103305252343518e-05,0.0015272904351513,United States,USA,arizona,,,Linux-6.5.0-1025-azure-x86_64-with-glibc2.31,3.12.1,2.8.3,2,AMD EPYC 7763 64-Core Processor,,,-112.0748,33.4532,7.743705749511719,machine,N,1.0
2025-03-01T22:35:32,codecarbon,fcae6409-814c-46c8-b13b-039a18be5fd8,5b0fa12a-3dd7-45bb-9766-cc326314d9f1,45.48272825100139,0.000763434638868,1.6785154897810225e-05,140.0,0.0,2.9038896560668945,0.001768764470861,0,3.668515251472548e-05,0.0018054496233757,United States,USA,arizona,,,Linux-6.5.0-1025-azure-x86_64-with-glibc2.31,3.12.1,2.8.3,2,AMD EPYC 7763 64-Core Processor,,,-112.0748,33.4532,7.743705749511719,machine,N,1.0
2025-03-01T22:36:00,codecarbon,2c6d947a-35ee-4960-b5bd-94d78ff441b5,5b0fa12a-3dd7-45bb-9766-cc326314d9f1,2.8693852960059303,4.816277221717778e-05,1.678504879920394e-05,140.0,0.0,2.9038896560668945,0.0001115861660667,0,2.31416610724649e-06,0.000113900332174,United States,USA,arizona,,,Linux-6.5.0-1025-azure-x86_64-with-glibc2.31,3.12.1,2.8.3,2,AMD EPYC 7763 64-Core Processor,,,-112.0748,33.4532,7.743705749511719,machine,N,1.0
2025-03-01T22:36:02,codecarbon,2c6d947a-35ee-4960-b5bd-94d78ff441b5,5b0fa12a-3dd7-45bb-9766-cc326314d9f1,5.613407672004541,9.42199145939104e-05,1.678479812962962e-05,140.0,0.0,2.9038896560668945,0.0002182970159222,0,4.524036015190181e-06,0.0002228210519374,United States,USA,arizona,,,Linux-6.5.0-1025-azure-x86_64-with-glibc2.31,3.12.1,2.8.3,2,AMD EPYC 7763 64-Core Processor,,,-112.0748,33.4532,7.743705749511719,machine,N,1.0
2025-03-01T22:36:07,codecarbon,2c6d947a-35ee-4960-b5bd-94d78ff441b5,5b0fa12a-3dd7-45bb-9766-cc326314d9f1,10.12441188700177,0.000169937858293,1.6784960962639233e-05,140.0,0.0,2.9038896560668945,0.0003937242149944,0,8.162504092990424e-06,0.0004018867190874,United States,USA,arizona,,,Linux-6.5.0-1025-azure-x86_64-with-glibc2.31,3.12.1,2.8.3,2,AMD EPYC 7763 64-Core Processor,,,-112.0748,33.4532,7.743705749511719,machine,N,1.0
2025-03-01T22:36:11,codecarbon,2c6d947a-35ee-4960-b5bd-94d78ff441b5,5b0fa12a-3dd7-45bb-9766-cc326314d9f1,14.24121114200534,0.0002390373465482,1.6784902924667855e-05,140.0,0.0,2.9038896560668945,0.0005538206784443,0,1.1479696107884982e-05,0.0005653003745522,United States,USA,arizona,,,Linux-6.5.0-1025-azure-x86_64-with-glibc2.31,3.12.1,2.8.3,2,AMD EPYC 7763 64-Core Processor,,,-112.0748,33.4532,7.743705749511719,machine,N,1.0
2025-03-01T22:36:15,codecarbon,2c6d947a-35ee-4960-b5bd-94d78ff441b5,5b0fa12a-3dd7-45bb-9766-cc326314d9f1,17.913601684005698,0.0003006788955941,1.678494927475231e-05,140.0,0.0,2.9038896560668945,0.0006966350546164,0,1.444166520906283e-05,0.0007110767198255,United States,USA,arizona,,,Linux-6.5.0-1025-azure-x86_64-with-glibc2.31,3.12.1,2.8.3,2,AMD EPYC 7763 64-Core Processor,,,-112.0748,33.4532,7.743705749511719,machine,N,1.0
2025-03-01T22:36:19,codecarbon,2c6d947a-35ee-4960-b5bd-94d78ff441b5,5b0fa12a-3dd7-45bb-9766-cc326314d9f1,22.064229924006213,0.000370347787212,1.6784985856638126e-05,140.0,0.0,2.9038896560668945,0.0008580475124663,0,1.778944710814842e-05,0.0008758369595744,United States,USA,arizona,,,Linux-6.5.0-1025-azure-x86_64-with-glibc2.31,3.12.1,2.8.3,2,AMD EPYC 7763 64-Core Processor,,,-112.0748,33.4532,7.743705749511719,machine,N,1.0
2025-03-01T22:36:24,codecarbon,2c6d947a-35ee-4960-b5bd-94d78ff441b5,5b0fa12a-3dd7-45bb-9766-cc326314d9f1,26.917135647003303,0.0004518018427766,1.678491533057788e-05,140.0,0.0,2.9038896560668945,0.0010467707617109,0,2.169721884985964e-05,0.0010684679805608,United States,USA,arizona,,,Linux-6.5.0-1025-azure-x86_64-with-glibc2.31,3.12.1,2.8.3,2,AMD EPYC 7763 64-Core Processor,,,-112.0748,33.4532,7.743705749511719,machine,N,1.0
2025-03-01T22:36:28,codecarbon,2c6d947a-35ee-4960-b5bd-94d78ff441b5,5b0fa12a-3dd7-45bb-9766-cc326314d9f1,31.5639764400039,0.0005297932321408,1.6784742985340506e-05,140.0,0.0,2.9038896560668945,0.0012274651977,0,2.5444930734629866e-05,0.0012529101284346,United States,USA,arizona,,,Linux-6.5.0-1025-azure-x86_64-with-glibc2.31,3.12.1,2.8.3,2,AMD EPYC 7763 64-Core Processor,,,-112.0748,33.4532,7.743705749511719,machine,N,1.0
2025-03-01T22:36:34,codecarbon,2c6d947a-35ee-4960-b5bd-94d78ff441b5,5b0fa12a-3dd7-45bb-9766-cc326314d9f1,37.43340153100144,0.0006283191411978,1.678498654944611e-05,140.0,0.0,2.9038896560668945,0.0014557350145722,0,3.017942928561617e-05,0.0014859144438578,United States,USA,arizona,,,Linux-6.5.0-1025-azure-x86_64-with-glibc2.31,3.12.1,2.8.3,2,AMD EPYC 7763 64-Core Processor,,,-112.0748,33.4532,7.743705749511719,machine,N,1.0
2025-03-01T22:36:42,codecarbon,2c6d947a-35ee-4960-b5bd-94d78ff441b5,5b0fa12a-3dd7-45bb-9766-cc326314d9f1,44.82117717700021,0.0007523243456379,1.6785019783550475e-05,140.0,0.0,2.9038896560668945,0.0017430364964831,0,3.61383501054035e-05,0.0017791748465885,United States,USA,arizona,,,Linux-6.5.0-1025-azure-x86_64-with-glibc2.31,3.12.1,2.8.3,2,AMD EPYC 7763 64-Core Processor,,,-112.0748,33.4532,7.743705749511719,machine,N,1.0
2025-03-01T22:40:37,codecarbon,f6c3aa10-cc76-4536-b643-781aaea7ea91,5b0fa12a-3dd7-45bb-9766-cc326314d9f1,2.5724428659959813,4.317847573536173e-05,1.6785008641443304e-05,140.0,0.0,2.9038896560668945,0.0001000382954276,0,2.0746541103717344e-06,0.000102112949538,United States,USA,arizona,,,Linux-6.5.0-1025-azure-x86_64-with-glibc2.31,3.12.1,2.8.3,2,AMD EPYC 7763 64-Core Processor,,,-112.0748,33.4532,7.743705749511719,machine,N,1.0
2025-03-01T22:40:40,codecarbon,f6c3aa10-cc76-4536-b643-781aaea7ea91,5b0fa12a-3dd7-45bb-9766-cc326314d9f1,5.573237373995653,9.354711735909648e-05,1.678505885925135e-05,140.0,0.0,2.9038896560668945,0.0002167350266277,0,4.494924444754784e-06,0.0002212299510725,United States,USA,arizona,,,Linux-6.5.0-1025-azure-x86_64-with-glibc2.31,3.12.1,2.8.3,2,AMD EPYC 7763 64-Core Processor,,,-112.0748,33.4532,7.743705749511719,machine,N,1.0
2025-03-01T22:40:44,codecarbon,f6c3aa10-cc76-4536-b643-781aaea7ea91,5b0fa12a-3dd7-45bb-9766-cc326314d9f1,9.93874917100038,0.000166822847093,1.6785094806480035e-05,140.0,0.0,2.9038896560668945,0.0003865040302277,0,8.015986444794752e-06,0.0003945200166725,United States,USA,arizona,,,Linux-6.5.0-1025-azure-x86_64-with-glibc2.31,3.12.1,2.8.3,2,AMD EPYC 7763 64-Core Processor,,,-112.0748,33.4532,7.743705749511719,machine,N,1.0
2025-03-01T22:40:48,codecarbon,f6c3aa10-cc76-4536-b643-781aaea7ea91,5b0fa12a-3dd7-45bb-9766-cc326314d9f1,14.20263301999512,0.0002383927378837,1.6785108616698595e-05,140.0,0.0,2.9038896560668945,0.0005523208662221,0,1.1455070727538082e-05,0.0005637759369496,United States,USA,arizona,,,Linux-6.5.0-1025-azure-x86_64-with-glibc2.31,3.12.1,2.8.3,2,AMD EPYC 7763 64-Core Processor,,,-112.0748,33.4532,7.743705749511719,machine,N,1.0
2025-03-01T22:40:52,codecarbon,f6c3aa10-cc76-4536-b643-781aaea7ea91,5b0fa12a-3dd7-45bb-9766-cc326314d9f1,18.29213938299653,0.0003070338477526,1.6785015755895597e-05,140.0,0.0,2.9038896560668945,0.000711356358261,0,1.4749213278808826e-05,0.0007261055715398,United States,USA,arizona,,,Linux-6.5.0-1025-azure-x86_64-with-glibc2.31,3.12.1,2.8.3,2,AMD EPYC 7763 64-Core Processor,,,-112.0748,33.4532,7.743705749511719,machine,N,1.0
2025-03-01T22:40:57,codecarbon,f6c3aa10-cc76-4536-b643-781aaea7ea91,5b0fa12a-3dd7-45bb-9766-cc326314d9f1,22.360659122998182,0.0003753245301868,1.6785038764836287e-05,140.0,0.0,2.9038896560668945,0.0008695757295554,0,1.8030749336050223e-05,0.0008876064788914,United States,USA,arizona,,,Linux-6.5.0-1025-azure-x86_64-with-glibc2.31,3.12.1,2.8.3,2,AMD EPYC 7763 64-Core Processor,,,-112.0748,33.4532,7.743705749511719,machine,N,1.0
2025-03-01T22:41:02,codecarbon,f6c3aa10-cc76-4536-b643-781aaea7ea91,5b0fa12a-3dd7-45bb-9766-cc326314d9f1,27.59355801600032,0.0004631596058397,1.6785062860367156e-05,140.0,0.0,2.9038896560668945,0.0010730764820221,0,2.225151772131375e-05,0.0010953279997434,United States,USA,arizona,,,Linux-6.5.0-1025-azure-x86_64-with-glibc2.31,3.12.1,2.8.3,2,AMD EPYC 7763 64-Core Processor,,,-112.0748,33.4532,7.743705749511719,machine,N,1.0
2025-03-01T22:41:07,codecarbon,f6c3aa10-cc76-4536-b643-781aaea7ea91,5b0fa12a-3dd7-45bb-9766-cc326314d9f1,32.497274654997454,0.0005454629244169,1.6784882123432653e-05,140.0,0.0,2.9038896560668945,0.0012637609982665,0,2.620644795023101e-05,0.0012899674462167,United States,USA,arizona,,,Linux-6.5.0-1025-azure-x86_64-with-glibc2.31,3.12.1,2.8.3,2,AMD EPYC 7763 64-Core Processor,,,-112.0748,33.4532,7.743705749511719,machine,N,1.0
2025-03-01T22:41:14,codecarbon,f6c3aa10-cc76-4536-b643-781aaea7ea91,5b0fa12a-3dd7-45bb-9766-cc326314d9f1,39.45069768199755,0.0006621837552482,1.6785096187296087e-05,140.0,0.0,2.9038896560668945,0.0015341857017277,0,3.181530300946469e-05,0.0015660010047371,United States,USA,arizona,,,Linux-6.5.0-1025-azure-x86_64-with-glibc2.31,3.12.1,2.8.3,2,AMD EPYC 7763 64-Core Processor,,,-112.0748,33.4532,7.743705749511719,machine,N,1.0
2025-03-01T22:41:20,codecarbon,f6c3aa10-cc76-4536-b643-781aaea7ea91,5b0fa12a-3dd7-45bb-9766-cc326314d9f1,45.9147874229966,0.0007706846821211,1.678510835781799e-05,140.0,0.0,2.9038896560668945,0.0017855661329722,0,3.7029146618720034e-05,0.0018225952795909,United States,USA,arizona,,,Linux-6.5.0-1025-azure-x86_64-with-glibc2.31,3.12.1,2.8.3,2,AMD EPYC 7763 64-Core Processor,,,-112.0748,33.4532,7.743705749511719,machine,N,1.0
2025-03-01T23:16:13,codecarbon,0777b5f0-2a9c-4bfe-b943-e8d0bc43cc0e,5b0fa12a-3dd7-45bb-9766-cc326314d9f1,3.184949071997835,5.345954467552711e-05,1.6785054789586743e-05,140.0,0.0,2.9038896560668945,0.0001238580120167,0,2.568678476849008e-06,0.0001264266904936,United States,USA,arizona,,,Linux-6.5.0-1025-azure-x86_64-with-glibc2.31,3.12.1,2.8.3,2,AMD EPYC 7763 64-Core Processor,,,-112.0748,33.4532,7.743705749511719,machine,N,1.0
2025-03-01T23:16:16,codecarbon,0777b5f0-2a9c-4bfe-b943-e8d0bc43cc0e,5b0fa12a-3dd7-45bb-9766-cc326314d9f1,6.166710418998264,0.0001035086193443,1.6785062425741215e-05,140.0,0.0,2.9038896560668945,0.0002398143823445,0,4.973564516858279e-06,0.0002447879468614,United States,USA,arizona,,,Linux-6.5.0-1025-azure-x86_64-with-glibc2.31,3.12.1,2.8.3,2,AMD EPYC 7763 64-Core Processor,,,-112.0748,33.4532,7.743705749511719,machine,N,1.0
2025-03-01T23:16:20,codecarbon,0777b5f0-2a9c-4bfe-b943-e8d0bc43cc0e,5b0fa12a-3dd7-45bb-9766-cc326314d9f1,9.95293363300152,0.0001670608167952,1.6785082967025417e-05,140.0,0.0,2.9038896560668945,0.0003870554600111,0,8.027332159473364e-06,0.0003950827921706,United States,USA,arizona,,,Linux-6.5.0-1025-azure-x86_64-with-glibc2.31,3.12.1,2.8.3,2,AMD EPYC 7763 64-Core Processor,,,-112.0748,33.4532,7.743705749511719,machine,N,1.0
2025-03-01T23:16:23,codecarbon,0777b5f0-2a9c-4bfe-b943-e8d0bc43cc0e,5b0fa12a-3dd7-45bb-9766-cc326314d9f1,13.770751614996698,0.0002311434033216,1.678509712352384e-05,140.0,0.0,2.9038896560668945,0.0005355253142165,0,1.1106642504231134e-05,0.0005466319567207,United States,USA,arizona,,,Linux-6.5.0-1025-azure-x86_64-with-glibc2.31,3.12.1,2.8.3,2,AMD EPYC 7763 64-Core Processor,,,-112.0748,33.4532,7.743705749511719,machine,N,1.0
2025-03-01T23:16:29,codecarbon,0777b5f0-2a9c-4bfe-b943-e8d0bc43cc0e,5b0fa12a-3dd7-45bb-9766-cc326314d9f1,19.5567778179975,0.0003282600906137,1.6784978265265046e-05,140.0,0.0,2.9038896560668945,0.0007605364983221,0,1.5767099647378246e-05,0.0007763035979694,United States,USA,arizona,,,Linux-6.5.0-1025-azure-x86_64-with-glibc2.31,3.12.1,2.8.3,2,AMD EPYC 7763 64-Core Processor,,,-112.0748,33.4532,7.743705749511719,machine,N,1.0
2025-03-01T23:16:35,codecarbon,0777b5f0-2a9c-4bfe-b943-e8d0bc43cc0e,5b0fa12a-3dd7-45bb-9766-cc326314d9f1,25.65871259100095,0.0004306821621556,1.6785026163266577e-05,140.0,0.0,2.9038896560668945,0.0009978330905276,0,2.068887307039177e-05,0.001018521963598,United States,USA,arizona,,,Linux-6.5.0-1025-azure-x86_64-with-glibc2.31,3.12.1,2.8.3,2,AMD EPYC 7763 64-Core Processor,,,-112.0748,33.4532,7.743705749511719,machine,N,1.0
2025-03-01T23:16:41,codecarbon,0777b5f0-2a9c-4bfe-b943-e8d0bc43cc0e,5b0fa12a-3dd7-45bb-9766-cc326314d9f1,31.76079104100063,0.0005331064649422,1.6785049977315376e-05,140.0,0.0,2.9038896560668945,0.0012351349281052,0,2.561067780056431e-05,0.0012607456059058,United States,USA,arizona,,,Linux-6.5.0-1025-azure-x86_64-with-glibc2.31,3.12.1,2.8.3,2,AMD EPYC 7763 64-Core Processor,,,-112.0748,33.4532,7.743705749511719,machine,N,1.0
2025-03-01T23:16:47,codecarbon,0777b5f0-2a9c-4bfe-b943-e8d0bc43cc0e,5b0fa12a-3dd7-45bb-9766-cc326314d9f1,37.04525165999803,0.0006218007220497,1.6784896692202387e-05,140.0,0.0,2.9038896560668945,0.0014406263066218,0,2.987270178569894e-05,0.0014704990084075,United States,USA,arizona,,,Linux-6.5.0-1025-azure-x86_64-with-glibc2.31,3.12.1,2.8.3,2,AMD EPYC 7763 64-Core Processor,,,-112.0748,33.4532,7.743705749511719,machine,N,1.0
2025-03-01T23:16:51,codecarbon,0777b5f0-2a9c-4bfe-b943-e8d0bc43cc0e,5b0fa12a-3dd7-45bb-9766-cc326314d9f1,41.66482501599967,0.000699347205847,1.6785074834191713e-05,140.0,0.0,2.9038896560668945,0.0016202900099162,0,3.35989874150191e-05,0.0016538889973312,United States,USA,arizona,,,Linux-6.5.0-1025-azure-x86_64-with-glibc2.31,3.12.1,2.8.3,2,AMD EPYC 7763 64-Core Processor,,,-112.0748,33.4532,7.743705749511719,machine,N,1.0
2025-03-01T23:16:58,codecarbon,0777b5f0-2a9c-4bfe-b943-e8d0bc43cc0e,5b0fa12a-3dd7-45bb-9766-cc326314d9f1,48.66442072400241,0.0008168367573198,1.6785091554926644e-05,140.0,0.0,2.9038896560668945,0.0018924956665606,0,3.9244839803065975e-05,0.0019317405063637,United States,USA,arizona,,,Linux-6.5.0-1025-azure-x86_64-with-glibc2.31,3.12.1,2.8.3,2,AMD EPYC 7763 64-Core Processor,,,-112.0748,33.4532,7.743705749511719,machine,N,1.0
2025-03-01T23:21:15,codecarbon,fd2a3487-cbd5-4461-b2f9-cb64358e0227,5b0fa12a-3dd7-45bb-9766-cc326314d9f1,0.0663513769977726,1.113186206443417e-06,1.6777137970788252e-05,140.0,0.0,2.9038896560668945,2.579376411166676e-06,0,5.320208979090266e-08,2.6325785009575787e-06,United States,USA,arizona,,,Linux-6.5.0-1025-azure-x86_64-with-glibc2.31,3.12.1,2.8.3,2,AMD EPYC 7763 64-Core Processor,,,-112.0748,33.4532,7.743705749511719,machine,N,1.0
2025-03-01T23:21:15,codecarbon,fd2a3487-cbd5-4461-b2f9-cb64358e0227,5b0fa12a-3dd7-45bb-9766-cc326314d9f1,0.2073878880037227,3.480130162422297e-06,1.678077826010662e-05,140.0,0.0,2.9038896560668945,8.063433388775189e-06,0,1.667403172018569e-07,8.230173705977046e-06,United States,USA,arizona,,,Linux-6.5.0-1025-azure-x86_64-with-glibc2.31,3.12.1,2.8.3,2,AMD EPYC 7763 64-Core Processor,,,-112.0748,33.4532,7.743705749511719,machine,N,1.0
2025-03-01T23:21:15,codecarbon,fd2a3487-cbd5-4461-b2f9-cb64358e0227,5b0fa12a-3dd7-45bb-9766-cc326314d9f1,0.3890979100033291,6.529599889484886e-06,1.678138001159918e-05,140.0,0.0,2.9038896560668945,1.5128876038862574e-05,0,3.130007912799824e-07,1.5441876830142558e-05,United States,USA,arizona,,,Linux-6.5.0-1025-azure-x86_64-with-glibc2.31,3.12.1,2.8.3,2,AMD EPYC 7763 64-Core Processor,,,-112.0748,33.4532,7.743705749511719,machine,N,1.0
2025-03-01T23:21:16,codecarbon,fd2a3487-cbd5-4461-b2f9-cb64358e0227,5b0fa12a-3dd7-45bb-9766-cc326314d9f1,0.6487909920033417,1.088824662715613e-05,1.6782364060782226e-05,140.0,0.0,2.9038896560668945,2.5227417949847428e-05,0,5.222399401437616e-07,2.574965788999119e-05,United States,USA,arizona,,,Linux-6.5.0-1025-azure-x86_64-with-glibc2.31,3.12.1,2.8.3,2,AMD EPYC 7763 64-Core Processor,,,-112.0748,33.4532,7.743705749511719,machine,N,1.0
2025-03-01T23:21:16,codecarbon,fd2a3487-cbd5-4461-b2f9-cb64358e0227,5b0fa12a-3dd7-45bb-9766-cc326314d9f1,1.0068161110029905,1.689739430109713e-05,1.6782999513450318e-05,140.0,0.0,2.9038896560668945,3.914992001660317e-05,0,8.107951825143411e-07,3.996071519911752e-05,United States,USA,arizona,,,Linux-6.5.0-1025-azure-x86_64-with-glibc2.31,3.12.1,2.8.3,2,AMD EPYC 7763 64-Core Processor,,,-112.0748,33.4532,7.743705749511719,machine,N,1.0
2025-03-01T23:21:16,codecarbon,fd2a3487-cbd5-4461-b2f9-cb64358e0227,5b0fa12a-3dd7-45bb-9766-cc326314d9f1,1.4592274030001136,2.4490834313462285e-05,1.6783425436714048e-05,140.0,0.0,2.9038896560668945,5.674298455002524e-05,0,1.1754872302951563e-06,5.79184717803204e-05,United States,USA,arizona,,,Linux-6.5.0-1025-azure-x86_64-with-glibc2.31,3.12.1,2.8.3,2,AMD EPYC 7763 64-Core Processor,,,-112.0748,33.4532,7.743705749511719,machine,N,1.0
2025-03-01T23:21:17,codecarbon,fd2a3487-cbd5-4461-b2f9-cb64358e0227,5b0fa12a-3dd7-45bb-9766-cc326314d9f1,2.0370221429984667,3.418884957063835e-05,1.6783739778259293e-05,140.0,0.0,2.9038896560668945,7.921203585562278e-05,0,1.6413108990921522e-06,8.085334675471493e-05,United States,USA,arizona,,,Linux-6.5.0-1025-azure-x86_64-with-glibc2.31,3.12.1,2.8.3,2,AMD EPYC 7763 64-Core Processor,,,-112.0748,33.4532,7.743705749511719,machine,N,1.0
2025-03-01T23:21:18,codecarbon,fd2a3487-cbd5-4461-b2f9-cb64358e0227,5b0fa12a-3dd7-45bb-9766-cc326314d9f1,2.7898152100024163,4.681868509785209e-05,1.678200223799466e-05,140.0,0.0,2.9038896560668945,0.0001084736817503,0,2.248013432659549e-06,0.0001107216951829,United States,USA,arizona,,,Linux-6.5.0-1025-azure-x86_64-with-glibc2.31,3.12.1,2.8.3,2,AMD EPYC 7763 64-Core Processor,,,-112.0748,33.4532,7.743705749511719,machine,N,1.0
2025-03-01T23:21:19,codecarbon,fd2a3487-cbd5-4461-b2f9-cb64358e0227,5b0fa12a-3dd7-45bb-9766-cc326314d9f1,3.6775749410007847,6.17251369016111e-05,1.678419553424892e-05,140.0,0.0,2.9038896560668945,0.0001430098740781,0,2.964148448581805e-06,0.0001459740225267,United States,USA,arizona,,,Linux-6.5.0-1025-azure-x86_64-with-glibc2.31,3.12.1,2.8.3,2,AMD EPYC 7763 64-Core Processor,,,-112.0748,33.4532,7.743705749511719,machine,N,1.0
2025-03-01T23:21:20,codecarbon,fd2a3487-cbd5-4461-b2f9-cb64358e0227,5b0fa12a-3dd7-45bb-9766-cc326314d9f1,4.755371815997933,7.981584310897088e-05,1.6784353820758225e-05,140.0,0.0,2.9038896560668945,0.0001849235041894,0,3.833301624570547e-06,0.000188756805814,United States,USA,arizona,,,Linux-6.5.0-1025-azure-x86_64-with-glibc2.31,3.12.1,2.8.3,2,AMD EPYC 7763 64-Core Processor,,,-112.0748,33.4532,7.743705749511719,machine,N,1.0
2025-03-01T23:23:23,codecarbon,1dd4ae5b-df2c-48a8-a569-d07fa5385d61,5b0fa12a-3dd7-45bb-9766-cc326314d9f1,107.05404800199904,0.0017969208087589,1.678517386587229e-05,140.0,0.0,2.9038896560668945,0.0041631940873442,0,8.63511025626017e-05,0.0042495451899068,United States,USA,arizona,,,Linux-6.5.0-1025-azure-x86_64-with-glibc2.31,3.12.1,2.8.3,2,AMD EPYC 7763 64-Core Processor,,,-112.0748,33.4532,7.743705749511719,machine,N,1.0
2025-03-01T23:30:55,codecarbon,1dd4ae5b-df2c-48a8-a569-d07fa5385d61,5b0fa12a-3dd7-45bb-9766-cc326314d9f1,559.1121171220002,0.0093848368969692,1.6785250416816582e-05,140.0,0.0,2.9038896560668945,0.0217432407922718,0,0.0004509974285648,0.0221942382208366,United States,USA,arizona,,,Linux-6.5.0-1025-azure-x86_64-with-glibc2.31,3.12.1,2.8.3,2,AMD EPYC 7763 64-Core Processor,,,-112.0748,33.4532,7.743705749511719,machine,N,1.0
2025-03-01T23:48:24,codecarbon,1dd4ae5b-df2c-48a8-a569-d07fa5385d61,5b0fa12a-3dd7-45bb-9766-cc326314d9f1,1608.1030167559948,0.0269924199492828,1.6785255464375836e-05,140.0,0.0,2.9038896560668945,0.0625373306027162,0,0.0012971510284684,0.0638344816311846,United States,USA,arizona,,,Linux-6.5.0-1025-azure-x86_64-with-glibc2.31,3.12.1,2.8.3,2,AMD EPYC 7763 64-Core Processor,,,-112.0748,33.4532,7.743705749511719,machine,N,1.0
2025-03-02T00:12:24,codecarbon,1dd4ae5b-df2c-48a8-a569-d07fa5385d61,5b0fa12a-3dd7-45bb-9766-cc326314d9f1,3048.131893776997,0.0511636765333807,1.6785256779024363e-05,140.0,0.0,2.9038896560668945,0.1185384528573385,0,0.0024587299069559,0.1209971827642945,United States,USA,arizona,,,Linux-6.5.0-1025-azure-x86_64-with-glibc2.31,3.12.1,2.8.3,2,AMD EPYC 7763 64-Core Processor,,,-112.0748,33.4532,7.743705749511719,machine,N,1.0
2025-03-02T00:47:44,codecarbon,1dd4ae5b-df2c-48a8-a569-d07fa5385d61,5b0fa12a-3dd7-45bb-9766-cc326314d9f1,5168.013330425994,0.0867464341226722,1.6785257424156406e-05,140.0,0.0,2.9038896560668945,0.2009782857750495,0,0.0041687023786233,0.2051469881536729,United States,USA,arizona,,,Linux-6.5.0-1025-azure-x86_64-with-glibc2.31,3.12.1,2.8.3,2,AMD EPYC 7763 64-Core Processor,,,-112.0748,33.4532,7.743705749511719,machine,N,1.0
2025-03-02T01:45:37,codecarbon,1dd4ae5b-df2c-48a8-a569-d07fa5385d61,5b0fa12a-3dd7-45bb-9766-cc326314d9f1,8640.595312164995,0.1450346200875201,1.678525782631291e-05,140.0,0.0,2.9038896560668945,0.3360231398872052,0,0.0069698118102817,0.3429929516974869,United States,USA,arizona,,,Linux-6.5.0-1025-azure-x86_64-with-glibc2.31,3.12.1,2.8.3,2,AMD EPYC 7763 64-Core Processor,,,-112.0748,33.4532,7.743705749511719,machine,N,1.0
2025-03-02T02:54:41,codecarbon,1dd4ae5b-df2c-48a8-a569-d07fa5385d61,5b0fa12a-3dd7-45bb-9766-cc326314d9f1,12784.565009506994,0.21459222246554,1.6785258028408684e-05,140.0,0.0,2.9038896560668945,0.4971775162977385,0,0.0103124867812762,0.5074900030790148,United States,USA,arizona,,,Linux-6.5.0-1025-azure-x86_64-with-glibc2.31,3.12.1,2.8.3,2,AMD EPYC 7763 64-Core Processor,,,-112.0748,33.4532,7.743705749511719,machine,N,1.0
2025-03-02T04:26:34,codecarbon,1dd4ae5b-df2c-48a8-a569-d07fa5385d61,5b0fa12a-3dd7-45bb-9766-cc326314d9f1,18298.15318135,0.3071392250579444,1.678525816315657e-05,140.0,0.0,2.9038896560668945,0.7115948334062941,0,0.0147599453433066,0.7263547787496009,United States,USA,arizona,,,Linux-6.5.0-1025-azure-x86_64-with-glibc2.31,3.12.1,2.8.3,2,AMD EPYC 7763 64-Core Processor,,,-112.0748,33.4532,7.743705749511719,machine,N,1.0
2025-03-02T17:52:10,codecarbon,d9f7bb73-7a81-4fa9-86cc-d311fa7df11a,5b0fa12a-3dd7-45bb-9766-cc326314d9f1,1.3660729599999968,2.292893018101412e-05,1.6784557525400525e-05,140.0,0.0,2.9038896560668945,5.312333043888897e-05,0,1.1013880269909137e-06,5.422471846587988e-05,United States,USA,arizona,,,Linux-6.5.0-1025-azure-x86_64-with-glibc2.31,3.12.1,2.8.3,2,AMD EPYC 7763 64-Core Processor,,,-112.0748,33.4532,7.743705749511719,machine,N,1.0
2025-03-02T17:52:16,codecarbon,d9f7bb73-7a81-4fa9-86cc-d311fa7df11a,5b0fa12a-3dd7-45bb-9766-cc326314d9f1,7.359433922999983,0.0001235285445526,1.6785060623566642e-05,140.0,0.0,2.9038896560668945,0.0002861975751055,0,5.935572755646761e-06,0.0002921331478612,United States,USA,arizona,,,Linux-6.5.0-1025-azure-x86_64-with-glibc2.31,3.12.1,2.8.3,2,AMD EPYC 7763 64-Core Processor,,,-112.0748,33.4532,7.743705749511719,machine,N,1.0
2025-03-02T17:52:23,codecarbon,d9f7bb73-7a81-4fa9-86cc-d311fa7df11a,5b0fa12a-3dd7-45bb-9766-cc326314d9f1,14.442665461000049,0.0002424219896698,1.6785128086259768e-05,140.0,0.0,2.9038896560668945,0.0005616558445555,0,1.1648886018951012e-05,0.0005733047305745,United States,USA,arizona,,,Linux-6.5.0-1025-azure-x86_64-with-glibc2.31,3.12.1,2.8.3,2,AMD EPYC 7763 64-Core Processor,,,-112.0748,33.4532,7.743705749511719,machine,N,1.0
2025-03-02T17:52:30,codecarbon,d9f7bb73-7a81-4fa9-86cc-d311fa7df11a,5b0fa12a-3dd7-45bb-9766-cc326314d9f1,21.54646667099996,0.0003616606566233,1.67851491451307e-05,140.0,0.0,2.9038896560668945,0.0008379139385555,0,1.7378791230130062e-05,0.0008552927297856,United States,USA,arizona,,,Linux-6.5.0-1025-azure-x86_64-with-glibc2.31,3.12.1,2.8.3,2,AMD EPYC 7763 64-Core Processor,,,-112.0748,33.4532,7.743705749511719,machine,N,1.0
2025-03-02T17:52:38,codecarbon,d9f7bb73-7a81-4fa9-86cc-d311fa7df11a,5b0fa12a-3dd7-45bb-9766-cc326314d9f1,29.13352179000003,0.0004890094788775,1.678511380815543e-05,140.0,0.0,2.9038896560668945,0.0011329652225499,0,2.349524507517676e-05,0.0011564604676251,United States,USA,arizona,,,Linux-6.5.0-1025-azure-x86_64-with-glibc2.31,3.12.1,2.8.3,2,AMD EPYC 7763 64-Core Processor,,,-112.0748,33.4532,7.743705749511719,machine,N,1.0
2025-03-02T17:52:49,codecarbon,d9f7bb73-7a81-4fa9-86cc-d311fa7df11a,5b0fa12a-3dd7-45bb-9766-cc326314d9f1,39.814701763000016,0.0006682953496843,1.678514016411391e-05,140.0,0.0,2.9038896560668945,0.0015483435643666,0,3.211077443615422e-05,0.0015804543388028,United States,USA,arizona,,,Linux-6.5.0-1025-azure-x86_64-with-glibc2.31,3.12.1,2.8.3,2,AMD EPYC 7763 64-Core Processor,,,-112.0748,33.4532,7.743705749511719,machine,N,1.0
2025-03-02T17:52:59,codecarbon,d9f7bb73-7a81-4fa9-86cc-d311fa7df11a,5b0fa12a-3dd7-45bb-9766-cc326314d9f1,50.06339812600004,0.0008403219456154,1.6785155963655594e-05,140.0,0.0,2.9038896560668945,0.0019469032413444,0,4.03774805198043e-05,0.0019872807218642,United States,USA,arizona,,,Linux-6.5.0-1025-azure-x86_64-with-glibc2.31,3.12.1,2.8.3,2,AMD EPYC 7763 64-Core Processor,,,-112.0748,33.4532,7.743705749511719,machine,N,1.0
2025-03-02T17:53:10,codecarbon,d9f7bb73-7a81-4fa9-86cc-d311fa7df11a,5b0fa12a-3dd7-45bb-9766-cc326314d9f1,61.617548903000056,0.0010342539985901,1.678505583236144e-05,140.0,0.0,2.9038896560668945,0.0023962145502555,0,4.969685742964052e-05,0.0024459114076851,United States,USA,arizona,,,Linux-6.5.0-1025-azure-x86_64-with-glibc2.31,3.12.1,2.8.3,2,AMD EPYC 7763 64-Core Processor,,,-112.0748,33.4532,7.743705749511719,machine,N,1.0
2025-03-02T17:53:23,codecarbon,d9f7bb73-7a81-4fa9-86cc-d311fa7df11a,5b0fa12a-3dd7-45bb-9766-cc326314d9f1,74.278448282,0.0012467752342039,1.6785154550759935e-05,140.0,0.0,2.9038896560668945,0.0028885976637388,0,5.990606195710766e-05,0.0029485037256959,United States,USA,arizona,,,Linux-6.5.0-1025-azure-x86_64-with-glibc2.31,3.12.1,2.8.3,2,AMD EPYC 7763 64-Core Processor,,,-112.0748,33.4532,7.743705749511719,machine,N,1.0
2025-03-02T17:53:37,codecarbon,d9f7bb73-7a81-4fa9-86cc-d311fa7df11a,5b0fa12a-3dd7-45bb-9766-cc326314d9f1,87.87191562300006,0.0014749445698166,1.678516462694058e-05,140.0,0.0,2.9038896560668945,0.0034172315556166,0,7.087074220938513e-05,0.003488102297826,United States,USA,arizona,,,Linux-6.5.0-1025-azure-x86_64-with-glibc2.31,3.12.1,2.8.3,2,AMD EPYC 7763 64-Core Processor,,,-112.0748,33.4532,7.743705749511719,machine,N,1.0
2025-03-02T17:54:05,codecarbon,402cfd8b-7029-457a-b186-5f5670ce7583,5b0fa12a-3dd7-45bb-9766-cc326314d9f1,0.3222955989999718,5.409169578632598e-06,1.6783256102212772e-05,140.0,0.0,2.9038896560668945,1.2532553561113168e-05,0,2.596131566530755e-07,1.2792166717766244e-05,United States,USA,arizona,,,Linux-6.5.0-1025-azure-x86_64-with-glibc2.31,3.12.1,2.8.3,2,AMD EPYC 7763 64-Core Processor,,,-112.0748,33.4532,7.743705749511719,machine,N,1.0
2025-03-02T17:54:06,codecarbon,402cfd8b-7029-457a-b186-5f5670ce7583,5b0fa12a-3dd7-45bb-9766-cc326314d9f1,1.147752254000011,1.9264245149812445e-05,1.6784323518141625e-05,140.0,0.0,2.9038896560668945,4.463288670555698e-05,0,9.252035088409072e-07,4.5558090214397896e-05,United States,USA,arizona,,,Linux-6.5.0-1025-azure-x86_64-with-glibc2.31,3.12.1,2.8.3,2,AMD EPYC 7763 64-Core Processor,,,-112.0748,33.4532,7.743705749511719,machine,N,1.0
2025-03-02T17:54:08,codecarbon,402cfd8b-7029-457a-b186-5f5670ce7583,5b0fa12a-3dd7-45bb-9766-cc326314d9f1,2.9688985770000045,4.983220368463761e-05,1.6784744373110843e-05,140.0,0.0,2.9038896560668945,0.0001154544305833,0,2.3939467287178208e-06,0.000117848377312,United States,USA,arizona,,,Linux-6.5.0-1025-azure-x86_64-with-glibc2.31,3.12.1,2.8.3,2,AMD EPYC 7763 64-Core Processor,,,-112.0748,33.4532,7.743705749511719,machine,N,1.0
2025-03-02T17:54:10,codecarbon,402cfd8b-7029-457a-b186-5f5670ce7583,5b0fa12a-3dd7-45bb-9766-cc326314d9f1,4.803704594999999,8.062943253969702e-05,1.6784844060482248e-05,140.0,0.0,2.9038896560668945,0.0001868071583388,0,3.873708365869598e-06,0.0001906808667047,United States,USA,arizona,,,Linux-6.5.0-1025-azure-x86_64-with-glibc2.31,3.12.1,2.8.3,2,AMD EPYC 7763 64-Core Processor,,,-112.0748,33.4532,7.743705749511719,machine,N,1.0
2025-03-02T17:54:12,codecarbon,402cfd8b-7029-457a-b186-5f5670ce7583,5b0fa12a-3dd7-45bb-9766-cc326314d9f1,6.954338034999978,0.00011672793236,1.678490918511405e-05,140.0,0.0,2.9038896560668945,0.0002704421181777,0,5.608234776299907e-06,0.000276050352954,United States,USA,arizona,,,Linux-6.5.0-1025-azure-x86_64-with-glibc2.31,3.12.1,2.8.3,2,AMD EPYC 7763 64-Core Processor,,,-112.0748,33.4532,7.743705749511719,machine,N,1.0
2025-03-02T17:54:16,codecarbon,402cfd8b-7029-457a-b186-5f5670ce7583,5b0fa12a-3dd7-45bb-9766-cc326314d9f1,11.540936625999962,0.0001937146727736,1.678500446291948e-05,140.0,0.0,2.9038896560668945,0.0004488089360611,0,9.307666455324473e-06,0.0004581166025164,United States,USA,arizona,,,Linux-6.5.0-1025-azure-x86_64-with-glibc2.31,3.12.1,2.8.3,2,AMD EPYC 7763 64-Core Processor,,,-112.0748,33.4532,7.743705749511719,machine,N,1.0
2025-03-02T17:54:20,codecarbon,402cfd8b-7029-457a-b186-5f5670ce7583,5b0fa12a-3dd7-45bb-9766-cc326314d9f1,15.378558038000053,0.0002581295591557,1.6785030073556614e-05,140.0,0.0,2.9038896560668945,0.0005980487241944,0,1.2402900126560688e-05,0.000610451624321,United States,USA,arizona,,,Linux-6.5.0-1025-azure-x86_64-with-glibc2.31,3.12.1,2.8.3,2,AMD EPYC 7763 64-Core Processor,,,-112.0748,33.4532,7.743705749511719,machine,N,1.0
2025-03-02T17:54:27,codecarbon,402cfd8b-7029-457a-b186-5f5670ce7583,5b0fa12a-3dd7-45bb-9766-cc326314d9f1,22.605142892000003,0.0003794216567615,1.6784749318961447e-05,140.0,0.0,2.9038896560668945,0.0008790646393277,0,1.823115054675961e-05,0.0008972957898745,United States,USA,arizona,,,Linux-6.5.0-1025-azure-x86_64-with-glibc2.31,3.12.1,2.8.3,2,AMD EPYC 7763 64-Core Processor,,,-112.0748,33.4532,7.743705749511719,machine,N,1.0
2025-03-02T17:54:37,codecarbon,402cfd8b-7029-457a-b186-5f5670ce7583,5b0fa12a-3dd7-45bb-9766-cc326314d9f1,32.380043387,0.0005435027510285,1.678511497136331e-05,140.0,0.0,2.9038896560668945,0.0012592158132555,0,2.611601109428397e-05,0.0012853318243498,United States,USA,arizona,,,Linux-6.5.0-1025-azure-x86_64-with-glibc2.31,3.12.1,2.8.3,2,AMD EPYC 7763 64-Core Processor,,,-112.0748,33.4532,7.743705749511719,machine,N,1.0
2025-03-02T17:54:43,codecarbon,402cfd8b-7029-457a-b186-5f5670ce7583,5b0fa12a-3dd7-45bb-9766-cc326314d9f1,38.530005113000016,0.0006467310097342,1.6785126496544348e-05,140.0,0.0,2.9038896560668945,0.0014983802142166,0,3.1076531001631566e-05,0.0015294567452183,United States,USA,arizona,,,Linux-6.5.0-1025-azure-x86_64-with-glibc2.31,3.12.1,2.8.3,2,AMD EPYC 7763 64-Core Processor,,,-112.0748,33.4532,7.743705749511719,machine,N,1.0
2025-03-02T17:55:09,codecarbon,6c358694-7fdb-4458-91bf-ecb0a7a7a09c,5b0fa12a-3dd7-45bb-9766-cc326314d9f1,0.3608723260000488,6.056852262559626e-06,1.6783920035361222e-05,140.0,0.0,2.9038896560668945,1.4033061544448504e-05,0,2.908125366315936e-07,1.4323874081080097e-05,United States,USA,arizona,,,Linux-6.5.0-1025-azure-x86_64-with-glibc2.31,3.12.1,2.8.3,2,AMD EPYC 7763 64-Core Processor,,,-112.0748,33.4532,7.743705749511719,machine,N,1.0
2025-03-02T17:55:10,codecarbon,6c358694-7fdb-4458-91bf-ecb0a7a7a09c,5b0fa12a-3dd7-45bb-9766-cc326314d9f1,1.144395983000095,1.9208023643540125e-05,1.678442071527136e-05,140.0,0.0,2.9038896560668945,4.450256922222973e-05,0,9.225625276747634e-07,4.542513174990448e-05,United States,USA,arizona,,,Linux-6.5.0-1025-azure-x86_64-with-glibc2.31,3.12.1,2.8.3,2,AMD EPYC 7763 64-Core Processor,,,-112.0748,33.4532,7.743705749511719,machine,N,1.0
2025-03-02T17:55:11,codecarbon,6c358694-7fdb-4458-91bf-ecb0a7a7a09c,5b0fa12a-3dd7-45bb-9766-cc326314d9f1,2.229904400999999,3.7428111329013264e-05,1.6784625974202598e-05,140.0,0.0,2.9038896560668945,8.671597585000655e-05,0,1.7979139609480035e-06,8.851388981095454e-05,United States,USA,arizona,,,Linux-6.5.0-1025-azure-x86_64-with-glibc2.31,3.12.1,2.8.3,2,AMD EPYC 7763 64-Core Processor,,,-112.0748,33.4532,7.743705749511719,machine,N,1.0
2025-03-02T17:55:13,codecarbon,6c358694-7fdb-4458-91bf-ecb0a7a7a09c,5b0fa12a-3dd7-45bb-9766-cc326314d9f1,3.9650239329999977,6.655206086306975e-05,1.6784781627463075e-05,140.0,0.0,2.9038896560668945,0.0001541920034277,0,3.197230833666872e-06,0.0001573892342614,United States,USA,arizona,,,Linux-6.5.0-1025-azure-x86_64-with-glibc2.31,3.12.1,2.8.3,2,AMD EPYC 7763 64-Core Processor,,,-112.0748,33.4532,7.743705749511719,machine,N,1.0
2025-03-02T17:55:16,codecarbon,6c358694-7fdb-4458-91bf-ecb0a7a7a09c,5b0fa12a-3dd7-45bb-9766-cc326314d9f1,6.6522602630000165,0.0001116575316207,1.6784901252558505e-05,140.0,0.0,2.9038896560668945,0.0002586947610722,0,5.364580943867326e-06,0.000264059342016,United States,USA,arizona,,,Linux-6.5.0-1025-azure-x86_64-with-glibc2.31,3.12.1,2.8.3,2,AMD EPYC 7763 64-Core Processor,,,-112.0748,33.4532,7.743705749511719,machine,N,1.0
2025-03-02T17:55:18,codecarbon,6c358694-7fdb-4458-91bf-ecb0a7a7a09c,5b0fa12a-3dd7-45bb-9766-cc326314d9f1,9.298599156000025,0.0001560765755447,1.6784955768744985e-05,140.0,0.0,2.9038896560668945,0.0003616071726944,0,7.498943518530046e-06,0.0003691061162129,United States,USA,arizona,,,Linux-6.5.0-1025-azure-x86_64-with-glibc2.31,3.12.1,2.8.3,2,AMD EPYC 7763 64-Core Processor,,,-112.0748,33.4532,7.743705749511719,machine,N,1.0
2025-03-02T17:55:22,codecarbon,6c358694-7fdb-4458-91bf-ecb0a7a7a09c,5b0fa12a-3dd7-45bb-9766-cc326314d9f1,12.690724034000027,0.0002130138163803,1.678500106137708e-05,140.0,0.0,2.9038896560668945,0.0004935223356388,0,1.0234888591767024e-05,0.0005037572242306,United States,USA,arizona,,,Linux-6.5.0-1025-azure-x86_64-with-glibc2.31,3.12.1,2.8.3,2,AMD EPYC 7763 64-Core Processor,,,-112.0748,33.4532,7.743705749511719,machine,N,1.0
2025-03-02T17:55:26,codecarbon,6c358694-7fdb-4458-91bf-ecb0a7a7a09c,5b0fa12a-3dd7-45bb-9766-cc326314d9f1,17.16069754800003,0.0002880362633092,1.6784647739616993e-05,140.0,0.0,2.9038896560668945,0.0006673381694777,0,1.3839938816301011e-05,0.000681178108294,United States,USA,arizona,,,Linux-6.5.0-1025-azure-x86_64-with-glibc2.31,3.12.1,2.8.3,2,AMD EPYC 7763 64-Core Processor,,,-112.0748,33.4532,7.743705749511719,machine,N,1.0
2025-03-02T17:55:31,codecarbon,6c358694-7fdb-4458-91bf-ecb0a7a7a09c,5b0fa12a-3dd7-45bb-9766-cc326314d9f1,22.1659049860001,0.0003720562337124,1.6785068507126258e-05,140.0,0.0,2.9038896560668945,0.0008619999089722,0,1.78773625473652e-05,0.0008798772715195,United States,USA,arizona,,,Linux-6.5.0-1025-azure-x86_64-with-glibc2.31,3.12.1,2.8.3,2,AMD EPYC 7763 64-Core Processor,,,-112.0748,33.4532,7.743705749511719,machine,N,1.0
2025-03-02T17:55:37,codecarbon,6c358694-7fdb-4458-91bf-ecb0a7a7a09c,5b0fa12a-3dd7-45bb-9766-cc326314d9f1,28.10442024300005,0.0004717353049563,1.6785092909853967e-05,140.0,0.0,2.9038896560668945,0.0010929413710444,0,2.266733375478916e-05,0.0011156087047992,United States,USA,arizona,,,Linux-6.5.0-1025-azure-x86_64-with-glibc2.31,3.12.1,2.8.3,2,AMD EPYC 7763 64-Core Processor,,,-112.0748,33.4532,7.743705749511719,machine,N,1.0
2025-03-02T18:01:36,codecarbon,846c4cc6-1718-4e15-b977-bc3f15b5eb98,5b0fa12a-3dd7-45bb-9766-cc326314d9f1,309.78258329899995,0.005199770564052,1.6785225653029214e-05,140.0,0.0,2.9038896560668945,0.0120470823478444,0,0.0002498758048895,0.012296958152734,United States,USA,arizona,,,Linux-6.5.0-1025-azure-x86_64-with-glibc2.31,3.12.1,2.8.3,2,AMD EPYC 7763 64-Core Processor,,,-112.0748,33.4532,7.743705749511719,machine,N,1.0
2025-03-02T18:12:45,codecarbon,846c4cc6-1718-4e15-b977-bc3f15b5eb98,5b0fa12a-3dd7-45bb-9766-cc326314d9f1,978.898646154,0.0164310562903366,1.6785247742340503e-05,140.0,0.0,2.9038896560668945,0.0380682618998499,0,0.0007896086770458,0.0388578705768958,United States,USA,arizona,,,Linux-6.5.0-1025-azure-x86_64-with-glibc2.31,3.12.1,2.8.3,2,AMD EPYC 7763 64-Core Processor,,,-112.0748,33.4532,7.743705749511719,machine,N,1.0
2025-03-02T18:30:02,codecarbon,846c4cc6-1718-4e15-b977-bc3f15b5eb98,5b0fa12a-3dd7-45bb-9766-cc326314d9f1,2015.276809576,0.0338269313631523,1.6785253123747924e-05,140.0,0.0,2.9038896560668945,0.0783718565408722,0,0.0016255884009942,0.0799974449418664,United States,USA,arizona,,,Linux-6.5.0-1025-azure-x86_64-with-glibc2.31,3.12.1,2.8.3,2,AMD EPYC 7763 64-Core Processor,,,-112.0748,33.4532,7.743705749511719,machine,N,1.0
2025-03-02T18:53:25,codecarbon,846c4cc6-1718-4e15-b977-bc3f15b5eb98,5b0fa12a-3dd7-45bb-9766-cc326314d9f1,3418.405744436,0.0573788075394417,1.678525366183781e-05,140.0,0.0,2.9038896560668945,0.1329379686401667,0,0.0027574022372078,0.1356953708773745,United States,USA,arizona,,,Linux-6.5.0-1025-azure-x86_64-with-glibc2.31,3.12.1,2.8.3,2,AMD EPYC 7763 64-Core Processor,,,-112.0748,33.4532,7.743705749511719,machine,N,1.0
2025-03-02T19:22:22,codecarbon,846c4cc6-1718-4e15-b977-bc3f15b5eb98,5b0fa12a-3dd7-45bb-9766-cc326314d9f1,5156.137620224999,0.0865470913533207,1.678525627668256e-05,140.0,0.0,2.9038896560668945,0.2005164422650278,0,0.0041591193780771,0.2046755616431049,United States,USA,arizona,,,Linux-6.5.0-1025-azure-x86_64-with-glibc2.31,3.12.1,2.8.3,2,AMD EPYC 7763 64-Core Processor,,,-112.0748,33.4532,7.743705749511719,machine,N,1.0
2025-03-02T19:57:54,codecarbon,846c4cc6-1718-4e15-b977-bc3f15b5eb98,5b0fa12a-3dd7-45bb-9766-cc326314d9f1,7287.509320237999,0.122322716014086,1.6785256888027034e-05,140.0,0.0,2.9038896560668945,0.2834031188086389,0,0.0058783603306651,0.2892814791393041,United States,USA,arizona,,,Linux-6.5.0-1025-azure-x86_64-with-glibc2.31,3.12.1,2.8.3,2,AMD EPYC 7763 64-Core Processor,,,-112.0748,33.4532,7.743705749511719,machine,N,1.0
2025-03-02T20:39:58,codecarbon,846c4cc6-1718-4e15-b977-bc3f15b5eb98,5b0fa12a-3dd7-45bb-9766-cc326314d9f1,9811.968826256,0.1646964211339191,1.678525727611419e-05,140.0,0.0,2.9038896560668945,0.3815765433744834,0,0.0079146800633892,0.3894912234378727,United States,USA,arizona,,,Linux-6.5.0-1025-azure-x86_64-with-glibc2.31,3.12.1,2.8.3,2,AMD EPYC 7763 64-Core Processor,,,-112.0748,33.4532,7.743705749511719,machine,N,1.0
2025-03-02T21:28:25,codecarbon,846c4cc6-1718-4e15-b977-bc3f15b5eb98,5b0fa12a-3dd7-45bb-9766-cc326314d9f1,12718.891481175,0.2134898690788903,1.6785257535601497e-05,140.0,0.0,2.9038896560668945,0.49462353482255,0,0.0102595083342577,0.5048830431568079,United States,USA,arizona,,,Linux-6.5.0-1025-azure-x86_64-with-glibc2.31,3.12.1,2.8.3,2,AMD EPYC 7763 64-Core Processor,,,-112.0748,33.4532,7.743705749511719,machine,N,1.0
2025-03-02T22:22:09,codecarbon,846c4cc6-1718-4e15-b977-bc3f15b5eb98,5b0fa12a-3dd7-45bb-9766-cc326314d9f1,15942.850114824,0.2676048479203625,1.6785257716971058e-05,140.0,0.0,2.9038896560668945,0.6199997032649002,0,0.0128600692595788,0.6328597725244791,United States,USA,arizona,,,Linux-6.5.0-1025-azure-x86_64-with-glibc2.31,3.12.1,2.8.3,2,AMD EPYC 7763 64-Core Processor,,,-112.0748,33.4532,7.743705749511719,machine,N,1.0
2025-03-02T23:20:29,codecarbon,846c4cc6-1718-4e15-b977-bc3f15b5eb98,5b0fa12a-3dd7-45bb-9766-cc326314d9f1,19442.362273954,0.3263450639177551,1.678525784672493e-05,140.0,0.0,2.9038896560668945,0.7560918421304892,0,0.0156829015652576,0.771774743695747,United States,USA,arizona,,,Linux-6.5.0-1025-azure-x86_64-with-glibc2.31,3.12.1,2.8.3,2,AMD EPYC 7763 64-Core Processor,,,-112.0748,33.4532,7.743705749511719,machine,N,1.0
2025-03-02T23:33:55,codecarbon,cf8e1664-1eef-4397-b774-a2033b045049,5b0fa12a-3dd7-45bb-9766-cc326314d9f1,0.2578992140006448,4.328407828605108e-06,1.6783330827034955e-05,140.0,0.0,2.9038896560668945,1.002852713336324e-05,0,2.0774180978906577e-07,1.0236268943152308e-05,United States,USA,arizona,,,Linux-6.5.0-1025-azure-x86_64-with-glibc2.31,3.12.1,2.8.3,2,AMD EPYC 7763 64-Core Processor,,,-112.0748,33.4532,7.743705749511719,machine,N,1.0
2025-03-02T23:33:56,codecarbon,cf8e1664-1eef-4397-b774-a2033b045049,5b0fa12a-3dd7-45bb-9766-cc326314d9f1,0.9141743600011978,1.5343704539923325e-05,1.678422105374211e-05,140.0,0.0,2.9038896560668945,3.554952329450316e-05,0,7.368647895738873e-07,3.628638808407705e-05,United States,USA,arizona,,,Linux-6.5.0-1025-azure-x86_64-with-glibc2.31,3.12.1,2.8.3,2,AMD EPYC 7763 64-Core Processor,,,-112.0748,33.4532,7.743705749511719,machine,N,1.0
2025-03-02T23:33:57,codecarbon,cf8e1664-1eef-4397-b774-a2033b045049,5b0fa12a-3dd7-45bb-9766-cc326314d9f1,1.843908098999236,3.094904241547521e-05,1.6784482064085794e-05,140.0,0.0,2.9038896560668945,7.17049595111247e-05,0,1.48655437631012e-06,7.319151388743483e-05,United States,USA,arizona,,,Linux-6.5.0-1025-azure-x86_64-with-glibc2.31,3.12.1,2.8.3,2,AMD EPYC 7763 64-Core Processor,,,-112.0748,33.4532,7.743705749511719,machine,N,1.0
2025-03-02T23:33:58,codecarbon,cf8e1664-1eef-4397-b774-a2033b045049,5b0fa12a-3dd7-45bb-9766-cc326314d9f1,3.0230077109990816,5.074010471632773e-05,1.67846428349197e-05,140.0,0.0,2.9038896560668945,0.000117558066889,0,2.437409195190169e-06,0.0001199954760841,United States,USA,arizona,,,Linux-6.5.0-1025-azure-x86_64-with-glibc2.31,3.12.1,2.8.3,2,AMD EPYC 7763 64-Core Processor,,,-112.0748,33.4532,7.743705749511719,machine,N,1.0
2025-03-02T23:34:00,codecarbon,cf8e1664-1eef-4397-b774-a2033b045049,5b0fa12a-3dd7-45bb-9766-cc326314d9f1,5.306144582998968,8.906270954784978e-05,1.6784825244530488e-05,140.0,0.0,2.9038896560668945,0.0002063459391389,0,4.278818009045736e-06,0.000210624757148,United States,USA,arizona,,,Linux-6.5.0-1025-azure-x86_64-with-glibc2.31,3.12.1,2.8.3,2,AMD EPYC 7763 64-Core Processor,,,-112.0748,33.4532,7.743705749511719,machine,N,1.0
2025-03-02T23:34:02,codecarbon,cf8e1664-1eef-4397-b774-a2033b045049,5b0fa12a-3dd7-45bb-9766-cc326314d9f1,7.340443236000283,0.0001232084801232,1.678488289631171e-05,140.0,0.0,2.9038896560668945,0.0002854567328668,0,5.919493348331751e-06,0.0002913762262151,United States,USA,arizona,,,Linux-6.5.0-1025-azure-x86_64-with-glibc2.31,3.12.1,2.8.3,2,AMD EPYC 7763 64-Core Processor,,,-112.0748,33.4532,7.743705749511719,machine,N,1.0
2025-03-02T23:34:05,codecarbon,cf8e1664-1eef-4397-b774-a2033b045049,5b0fa12a-3dd7-45bb-9766-cc326314d9f1,10.205753909998748,0.0001713030190052,1.678494509233998e-05,140.0,0.0,2.9038896560668945,0.0003968846911945,0,8.230501907931612e-06,0.0004051151931025,United States,USA,arizona,,,Linux-6.5.0-1025-azure-x86_64-with-glibc2.31,3.12.1,2.8.3,2,AMD EPYC 7763 64-Core Processor,,,-112.0748,33.4532,7.743705749511719,machine,N,1.0
2025-03-02T23:34:09,codecarbon,cf8e1664-1eef-4397-b774-a2033b045049,5b0fa12a-3dd7-45bb-9766-cc326314d9f1,13.885987641999236,0.0002330699242526,1.6784540665134927e-05,140.0,0.0,2.9038896560668945,0.0005399894451391,0,1.1198548617850185e-05,0.0005511879937569,United States,USA,arizona,,,Linux-6.5.0-1025-azure-x86_64-with-glibc2.31,3.12.1,2.8.3,2,AMD EPYC 7763 64-Core Processor,,,-112.0748,33.4532,7.743705749511719,machine,N,1.0
2025-03-02T23:34:13,codecarbon,cf8e1664-1eef-4397-b774-a2033b045049,5b0fa12a-3dd7-45bb-9766-cc326314d9f1,18.122482234000927,0.0003041864615396,1.6785032955855156e-05,140.0,0.0,2.9038896560668945,0.0007047558716336,0,1.4615904890676995e-05,0.0007193717765242,United States,USA,arizona,,,Linux-6.5.0-1025-azure-x86_64-with-glibc2.31,3.12.1,2.8.3,2,AMD EPYC 7763 64-Core Processor,,,-112.0748,33.4532,7.743705749511719,machine,N,1.0
2025-03-02T23:34:18,codecarbon,cf8e1664-1eef-4397-b774-a2033b045049,5b0fa12a-3dd7-45bb-9766-cc326314d9f1,22.72402268899896,0.0003814240549634,1.67850587100537e-05,140.0,0.0,2.9038896560668945,0.0008837038746281,0,1.8327394743222707e-05,0.0009020312693713,United States,USA,arizona,,,Linux-6.5.0-1025-azure-x86_64-with-glibc2.31,3.12.1,2.8.3,2,AMD EPYC 7763 64-Core Processor,,,-112.0748,33.4532,7.743705749511719,machine,N,1.0
2025-03-02T23:34:45,codecarbon,9af95dad-e62a-41f4-a5ff-febe7a7a8813,5b0fa12a-3dd7-45bb-9766-cc326314d9f1,1.3030797530009297,2.187191445316053e-05,1.678478573762702e-05,140.0,0.0,2.9038896560668945,5.067419536662783e-05,0,1.0507823872179932e-06,5.172497775384583e-05,United States,USA,arizona,,,Linux-6.5.0-1025-azure-x86_64-with-glibc2.31,3.12.1,2.8.3,2,AMD EPYC 7763 64-Core Processor,,,-112.0748,33.4532,7.743705749511719,machine,N,1.0
2025-03-02T23:34:51,codecarbon,9af95dad-e62a-41f4-a5ff-febe7a7a8813,5b0fa12a-3dd7-45bb-9766-cc326314d9f1,7.091276848001144,0.0001190278578871,1.6785109429300636e-05,140.0,0.0,2.9038896560668945,0.0002757699667332,0,5.719489275992233e-06,0.0002814894560092,United States,USA,arizona,,,Linux-6.5.0-1025-azure-x86_64-with-glibc2.31,3.12.1,2.8.3,2,AMD EPYC 7763 64-Core Processor,,,-112.0748,33.4532,7.743705749511719,machine,N,1.0
2025-03-02T23:34:57,codecarbon,9af95dad-e62a-41f4-a5ff-febe7a7a8813,5b0fa12a-3dd7-45bb-9766-cc326314d9f1,13.252808725999785,0.0002224499987927,1.6785121055613646e-05,140.0,0.0,2.9038896560668945,0.0005153842186887,0,1.068867097719424e-05,0.0005260728896659,United States,USA,arizona,,,Linux-6.5.0-1025-azure-x86_64-with-glibc2.31,3.12.1,2.8.3,2,AMD EPYC 7763 64-Core Processor,,,-112.0748,33.4532,7.743705749511719,machine,N,1.0
2025-03-02T23:35:04,codecarbon,9af95dad-e62a-41f4-a5ff-febe7a7a8813,5b0fa12a-3dd7-45bb-9766-cc326314d9f1,20.44018389999837,0.0003430915001852,1.6785147426452806e-05,140.0,0.0,2.9038896560668945,0.0007948924607555,0,1.6485996883478434e-05,0.0008113784576389,United States,USA,arizona,,,Linux-6.5.0-1025-azure-x86_64-with-glibc2.31,3.12.1,2.8.3,2,AMD EPYC 7763 64-Core Processor,,,-112.0748,33.4532,7.743705749511719,machine,N,1.0
2025-03-02T23:35:11,codecarbon,9af95dad-e62a-41f4-a5ff-febe7a7a8813,5b0fa12a-3dd7-45bb-9766-cc326314d9f1,27.67704237699945,0.0004645635726795,1.6785159568410547e-05,140.0,0.0,2.9038896560668945,0.0010763250094721,0,2.232323705234398e-05,0.0010986482465245,United States,USA,arizona,,,Linux-6.5.0-1025-azure-x86_64-with-glibc2.31,3.12.1,2.8.3,2,AMD EPYC 7763 64-Core Processor,,,-112.0748,33.4532,7.743705749511719,machine,N,1.0
2025-03-02T23:35:21,codecarbon,9af95dad-e62a-41f4-a5ff-febe7a7a8813,5b0fa12a-3dd7-45bb-9766-cc326314d9f1,36.88700582800084,0.0006191547399601,1.6785172069730724e-05,140.0,0.0,2.9038896560668945,0.0014344894506443,0,2.975206416273542e-05,0.0014642415148071,United States,USA,arizona,,,Linux-6.5.0-1025-azure-x86_64-with-glibc2.31,3.12.1,2.8.3,2,AMD EPYC 7763 64-Core Processor,,,-112.0748,33.4532,7.743705749511719,machine,N,1.0
2025-03-02T23:35:30,codecarbon,9af95dad-e62a-41f4-a5ff-febe7a7a8813,5b0fa12a-3dd7-45bb-9766-cc326314d9f1,45.93476480100071,0.0007710232578309,1.6785179181196715e-05,140.0,0.0,2.9038896560668945,0.0017863459340222,0,3.7050044615501336e-05,0.0018233959786377,United States,USA,arizona,,,Linux-6.5.0-1025-azure-x86_64-with-glibc2.31,3.12.1,2.8.3,2,AMD EPYC 7763 64-Core Processor,,,-112.0748,33.4532,7.743705749511719,machine,N,1.0
2025-03-02T23:35:41,codecarbon,9af95dad-e62a-41f4-a5ff-febe7a7a8813,5b0fa12a-3dd7-45bb-9766-cc326314d9f1,57.72638579100021,0.0009689416160992,1.6785073287064052e-05,140.0,0.0,2.9038896560668945,0.0022448929296889,0,4.656096406331094e-05,0.0022914538937522,United States,USA,arizona,,,Linux-6.5.0-1025-azure-x86_64-with-glibc2.31,3.12.1,2.8.3,2,AMD EPYC 7763 64-Core Processor,,,-112.0748,33.4532,7.743705749511719,machine,N,1.0
2025-03-02T23:35:52,codecarbon,9af95dad-e62a-41f4-a5ff-febe7a7a8813,5b0fa12a-3dd7-45bb-9766-cc326314d9f1,68.39935744800096,0.0011480963153789,1.6785191531247662e-05,140.0,0.0,2.9038896560668945,0.0026599673297944,0,5.517022706755954e-05,0.002715137556862,United States,USA,arizona,,,Linux-6.5.0-1025-azure-x86_64-with-glibc2.31,3.12.1,2.8.3,2,AMD EPYC 7763 64-Core Processor,,,-112.0748,33.4532,7.743705749511719,machine,N,1.0
2025-03-02T23:36:05,codecarbon,9af95dad-e62a-41f4-a5ff-febe7a7a8813,5b0fa12a-3dd7-45bb-9766-cc326314d9f1,80.9923058839995,0.0013594717476507,1.678519623330433e-05,140.0,0.0,2.9038896560668945,0.0031496922724167,0,6.532788756089134e-05,0.0032150201599775,United States,USA,arizona,,,Linux-6.5.0-1025-azure-x86_64-with-glibc2.31,3.12.1,2.8.3,2,AMD EPYC 7763 64-Core Processor,,,-112.0748,33.4532,7.743705749511719,machine,N,1.0
2025-03-02T23:36:43,codecarbon,8c268e54-f257-4e5e-8ffa-f4b78862fa37,5b0fa12a-3dd7-45bb-9766-cc326314d9f1,0.057698241998878,9.680105559894727e-07,1.6777123920141196e-05,140.0,0.0,2.9038896560668945,2.242967261089588e-06,0,4.6284764894270543e-08,2.2892520259838586e-06,United States,USA,arizona,,,Linux-6.5.0-1025-azure-x86_64-with-glibc2.31,3.12.1,2.8.3,2,AMD EPYC 7763 64-Core Processor,,,-112.0748,33.4532,7.743705749511719,machine,N,1.0
2025-03-02T23:36:44,codecarbon,8c268e54-f257-4e5e-8ffa-f4b78862fa37,5b0fa12a-3dd7-45bb-9766-cc326314d9f1,0.1997518139978638,3.351801714028093e-06,1.6779831166208775e-05,140.0,0.0,2.9038896560668945,7.766133977788236e-06,0,1.605552685823667e-07,7.926689246370603e-06,United States,USA,arizona,,,Linux-6.5.0-1025-azure-x86_64-with-glibc2.31,3.12.1,2.8.3,2,AMD EPYC 7763 64-Core Processor,,,-112.0748,33.4532,7.743705749511719,machine,N,1.0
2025-03-02T23:36:44,codecarbon,8c268e54-f257-4e5e-8ffa-f4b78862fa37,5b0fa12a-3dd7-45bb-9766-cc326314d9f1,0.3813151479989756,6.398876626457424e-06,1.6781071142955524e-05,140.0,0.0,2.9038896560668945,1.4826031849952416e-05,0,3.066970139027865e-07,1.5132728863855204e-05,United States,USA,arizona,,,Linux-6.5.0-1025-azure-x86_64-with-glibc2.31,3.12.1,2.8.3,2,AMD EPYC 7763 64-Core Processor,,,-112.0748,33.4532,7.743705749511719,machine,N,1.0
2025-03-02T23:36:44,codecarbon,8c268e54-f257-4e5e-8ffa-f4b78862fa37,5b0fa12a-3dd7-45bb-9766-cc326314d9f1,0.6171976269979496,1.0357888037015336e-05,1.6782125503942918e-05,140.0,0.0,2.9038896560668945,2.3998661944379924e-05,0,4.967487997867987e-07,2.449541074416672e-05,United States,USA,arizona,,,Linux-6.5.0-1025-azure-x86_64-with-glibc2.31,3.12.1,2.8.3,2,AMD EPYC 7763 64-Core Processor,,,-112.0748,33.4532,7.743705749511719,machine,N,1.0
2025-03-02T23:36:44,codecarbon,8c268e54-f257-4e5e-8ffa-f4b78862fa37,5b0fa12a-3dd7-45bb-9766-cc326314d9f1,0.9173075369981234,1.5394949599672684e-05,1.6782757122057943e-05,140.0,0.0,2.9038896560668945,3.566897915004827e-05,0,7.385985802852324e-07,3.640757773033351e-05,United States,USA,arizona,,,Linux-6.5.0-1025-azure-x86_64-with-glibc2.31,3.12.1,2.8.3,2,AMD EPYC 7763 64-Core Processor,,,-112.0748,33.4532,7.743705749511719,machine,N,1.0
2025-03-02T23:36:45,codecarbon,8c268e54-f257-4e5e-8ffa-f4b78862fa37,5b0fa12a-3dd7-45bb-9766-cc326314d9f1,1.449706036997668,2.43308565171092e-05,1.678330357752959e-05,140.0,0.0,2.9038896560668945,5.6372398600049365e-05,0,1.1677410514035091e-06,5.754013965145288e-05,United States,USA,arizona,,,Linux-6.5.0-1025-azure-x86_64-with-glibc2.31,3.12.1,2.8.3,2,AMD EPYC 7763 64-Core Processor,,,-112.0748,33.4532,7.743705749511719,machine,N,1.0
2025-03-02T23:36:46,codecarbon,8c268e54-f257-4e5e-8ffa-f4b78862fa37,5b0fa12a-3dd7-45bb-9766-cc326314d9f1,2.1231641359991045,3.5634661077624586e-05,1.6783752359709043e-05,140.0,0.0,2.9038896560668945,8.256180691116444e-05,0,1.7107452448549995e-06,8.427255215601946e-05,United States,USA,arizona,,,Linux-6.5.0-1025-azure-x86_64-with-glibc2.31,3.12.1,2.8.3,2,AMD EPYC 7763 64-Core Processor,,,-112.0748,33.4532,7.743705749511719,machine,N,1.0
2025-03-02T23:36:46,codecarbon,8c268e54-f257-4e5e-8ffa-f4b78862fa37,5b0fa12a-3dd7-45bb-9766-cc326314d9f1,2.864457757998025,4.8071374810601685e-05,1.6782015610591117e-05,140.0,0.0,2.9038896560668945,0.0001113759984944,0,2.3081875880887725e-06,0.0001136841860825,United States,USA,arizona,,,Linux-6.5.0-1025-azure-x86_64-with-glibc2.31,3.12.1,2.8.3,2,AMD EPYC 7763 64-Core Processor,,,-112.0748,33.4532,7.743705749511719,machine,N,1.0
2025-03-02T23:36:47,codecarbon,8c268e54-f257-4e5e-8ffa-f4b78862fa37,5b0fa12a-3dd7-45bb-9766-cc326314d9f1,3.729823394998675,6.260206418506356e-05,1.6784189908028018e-05,140.0,0.0,2.9038896560668945,0.0001450416105444,0,3.006260813669288e-06,0.0001480478713581,United States,USA,arizona,,,Linux-6.5.0-1025-azure-x86_64-with-glibc2.31,3.12.1,2.8.3,2,AMD EPYC 7763 64-Core Processor,,,-112.0748,33.4532,7.743705749511719,machine,N,1.0
2025-03-02T23:36:48,codecarbon,8c268e54-f257-4e5e-8ffa-f4b78862fa37,5b0fa12a-3dd7-45bb-9766-cc326314d9f1,4.716409395998198,7.916177866352944e-05,1.6784331472729446e-05,140.0,0.0,2.9038896560668945,0.0001834081660054,0,3.80184019194019e-06,0.0001872100061974,United States,USA,arizona,,,Linux-6.5.0-1025-azure-x86_64-with-glibc2.31,3.12.1,2.8.3,2,AMD EPYC 7763 64-Core Processor,,,-112.0748,33.4532,7.743705749511719,machine,N,1.0
2025-03-02T23:37:10,codecarbon,a9a0ca55-f4f3-4023-8a3a-3f96a153d750,5b0fa12a-3dd7-45bb-9766-cc326314d9f1,0.0615543929998239,1.03254808400226e-06,1.677456366120309e-05,140.0,0.0,2.9038896560668945,2.3925811777897053e-06,0,4.929590568047856e-08,2.441877083470184e-06,United States,USA,arizona,,,Linux-6.5.0-1025-azure-x86_64-with-glibc2.31,3.12.1,2.8.3,2,AMD EPYC 7763 64-Core Processor,,,-112.0748,33.4532,7.743705749511719,machine,N,1.0
2025-03-02T23:37:10,codecarbon,a9a0ca55-f4f3-4023-8a3a-3f96a153d750,5b0fa12a-3dd7-45bb-9766-cc326314d9f1,0.2124528379972616,3.5650585659825234e-06,1.6780470430940884e-05,140.0,0.0,2.9038896560668945,8.26022718894011e-06,0,1.7079403745998406e-07,8.431021226400094e-06,United States,USA,arizona,,,Linux-6.5.0-1025-azure-x86_64-with-glibc2.31,3.12.1,2.8.3,2,AMD EPYC 7763 64-Core Processor,,,-112.0748,33.4532,7.743705749511719,machine,N,1.0
2025-03-02T23:37:10,codecarbon,a9a0ca55-f4f3-4023-8a3a-3f96a153d750,5b0fa12a-3dd7-45bb-9766-cc326314d9f1,0.3945738449983764,6.621538598122077e-06,1.6781493963821456e-05,140.0,0.0,2.9038896560668945,1.534185792237016e-05,0,3.174451266413557e-07,1.5659303049011518e-05,United States,USA,arizona,,,Linux-6.5.0-1025-azure-x86_64-with-glibc2.31,3.12.1,2.8.3,2,AMD EPYC 7763 64-Core Processor,,,-112.0748,33.4532,7.743705749511719,machine,N,1.0
2025-03-02T23:37:10,codecarbon,a9a0ca55-f4f3-4023-8a3a-3f96a153d750,5b0fa12a-3dd7-45bb-9766-cc326314d9f1,0.6843376279975928,1.1484905148255383e-05,1.678251301460773e-05,140.0,0.0,2.9038896560668945,2.6609770366768422e-05,0,5.509276402913418e-07,2.716069800705977e-05,United States,USA,arizona,,,Linux-6.5.0-1025-azure-x86_64-with-glibc2.31,3.12.1,2.8.3,2,AMD EPYC 7763 64-Core Processor,,,-112.0748,33.4532,7.743705749511719,machine,N,1.0
2025-03-02T23:37:11,codecarbon,a9a0ca55-f4f3-4023-8a3a-3f96a153d750,5b0fa12a-3dd7-45bb-9766-cc326314d9f1,1.0165510959996027,1.7060815149952698e-05,1.678303748536745e-05,140.0,0.0,2.9038896560668945,3.95285245445848e-05,0,8.18665272000283e-07,4.034718981658509e-05,United States,USA,arizona,,,Linux-6.5.0-1025-azure-x86_64-with-glibc2.31,3.12.1,2.8.3,2,AMD EPYC 7763 64-Core Processor,,,-112.0748,33.4532,7.743705749511719,machine,N,1.0
2025-03-02T23:37:11,codecarbon,a9a0ca55-f4f3-4023-8a3a-3f96a153d750,5b0fa12a-3dd7-45bb-9766-cc326314d9f1,1.481764183998166,2.4869140599188683e-05,1.6783467212769034e-05,140.0,0.0,2.9038896560668945,5.761945035012307e-05,0,1.193679474660845e-06,5.881312982478392e-05,United States,USA,arizona,,,Linux-6.5.0-1025-azure-x86_64-with-glibc2.31,3.12.1,2.8.3,2,AMD EPYC 7763 64-Core Processor,,,-112.0748,33.4532,7.743705749511719,machine,N,1.0
2025-03-02T23:37:12,codecarbon,a9a0ca55-f4f3-4023-8a3a-3f96a153d750,5b0fa12a-3dd7-45bb-9766-cc326314d9f1,2.133576506999816,3.5809586161140895e-05,1.6783830363550202e-05,140.0,0.0,2.9038896560668945,8.296702400012793e-05,0,1.7192091838073738e-06,8.46862331839353e-05,United States,USA,arizona,,,Linux-6.5.0-1025-azure-x86_64-with-glibc2.31,3.12.1,2.8.3,2,AMD EPYC 7763 64-Core Processor,,,-112.0748,33.4532,7.743705749511719,machine,N,1.0
2025-03-02T23:37:12,codecarbon,a9a0ca55-f4f3-4023-8a3a-3f96a153d750,5b0fa12a-3dd7-45bb-9766-cc326314d9f1,2.8413893429969903,4.768418428516717e-05,1.678199589320332e-05,140.0,0.0,2.9038896560668945,0.0001104788807112,0,2.289636952932282e-06,0.0001127685176641,United States,USA,arizona,,,Linux-6.5.0-1025-azure-x86_64-with-glibc2.31,3.12.1,2.8.3,2,AMD EPYC 7763 64-Core Processor,,,-112.0748,33.4532,7.743705749511719,machine,N,1.0
2025-03-02T23:37:13,codecarbon,a9a0ca55-f4f3-4023-8a3a-3f96a153d750,5b0fa12a-3dd7-45bb-9766-cc326314d9f1,3.6948611519983374,6.201536793804172e-05,1.678422148678068e-05,140.0,0.0,2.9038896560668945,0.0001436822784057,0,2.978112657034439e-06,0.0001466603910627,United States,USA,arizona,,,Linux-6.5.0-1025-azure-x86_64-with-glibc2.31,3.12.1,2.8.3,2,AMD EPYC 7763 64-Core Processor,,,-112.0748,33.4532,7.743705749511719,machine,N,1.0
2025-03-02T23:37:14,codecarbon,a9a0ca55-f4f3-4023-8a3a-3f96a153d750,5b0fa12a-3dd7-45bb-9766-cc326314d9f1,4.683965845997591,7.861709174228405e-05,1.6784300809849347e-05,140.0,0.0,2.9038896560668945,0.0001821461763723,0,3.775697551846659e-06,0.0001859218739242,United States,USA,arizona,,,Linux-6.5.0-1025-azure-x86_64-with-glibc2.31,3.12.1,2.8.3,2,AMD EPYC 7763 64-Core Processor,,,-112.0748,33.4532,7.743705749511719,machine,N,1.0
2025-03-08T16:17:56,codecarbon,2ca7b932-2a33-4a1c-a4c9-74c1ed2da7d6,5b0fa12a-3dd7-45bb-9766-cc326314d9f1,3.724286614999983,6.251221136616832e-05,1.6785016253688255e-05,140.0,0.0,2.9038896560668945,0.0001448316407999,0,3.0037372682241527e-06,0.0001478353780682,United States,USA,arizona,,,Linux-6.5.0-1025-azure-x86_64-with-glibc2.31,3.12.1,2.8.3,2,AMD EPYC 7763 64-Core Processor,,,-112.0748,33.4532,7.743705749511719,machine,N,1.0
2025-03-08T16:18:02,codecarbon,2ca7b932-2a33-4a1c-a4c9-74c1ed2da7d6,5b0fa12a-3dd7-45bb-9766-cc326314d9f1,8.919402085999991,0.0001497130649175,1.6785101004978418e-05,140.0,0.0,2.9038896560668945,0.0003468630087222,0,7.194015819589126e-06,0.0003540570245418,United States,USA,arizona,,,Linux-6.5.0-1025-azure-x86_64-with-glibc2.31,3.12.1,2.8.3,2,AMD EPYC 7763 64-Core Processor,,,-112.0748,33.4532,7.743705749511719,machine,N,1.0
2025-03-08T16:18:08,codecarbon,2ca7b932-2a33-4a1c-a4c9-74c1ed2da7d6,5b0fa12a-3dd7-45bb-9766-cc326314d9f1,15.146704580000003,0.0002542395333458,1.678513844401078e-05,140.0,0.0,2.9038896560668945,0.0005890351786666,0,1.2216908096183271e-05,0.0006012520867628,United States,USA,arizona,,,Linux-6.5.0-1025-azure-x86_64-with-glibc2.31,3.12.1,2.8.3,2,AMD EPYC 7763 64-Core Processor,,,-112.0748,33.4532,7.743705749511719,machine,N,1.0
2025-03-08T16:18:15,codecarbon,2ca7b932-2a33-4a1c-a4c9-74c1ed2da7d6,5b0fa12a-3dd7-45bb-9766-cc326314d9f1,22.27476702799993,0.0003738854405086,1.678515604848648e-05,140.0,0.0,2.9038896560668945,0.0008662367894055,0,1.796638056444599e-05,0.00088420316997,United States,USA,arizona,,,Linux-6.5.0-1025-azure-x86_64-with-glibc2.31,3.12.1,2.8.3,2,AMD EPYC 7763 64-Core Processor,,,-112.0748,33.4532,7.743705749511719,machine,N,1.0
2025-03-08T16:18:19,codecarbon,2ca7b932-2a33-4a1c-a4c9-74c1ed2da7d6,5b0fa12a-3dd7-45bb-9766-cc326314d9f1,26.38349861199993,0.0004428510946766,1.6785154281062246e-05,140.0,0.0,2.9038896560668945,0.0010260199648222,0,2.128035584558616e-05,0.0010473003206678,United States,USA,arizona,,,Linux-6.5.0-1025-azure-x86_64-with-glibc2.31,3.12.1,2.8.3,2,AMD EPYC 7763 64-Core Processor,,,-112.0748,33.4532,7.743705749511719,machine,N,1.0
2025-03-08T16:18:27,codecarbon,2ca7b932-2a33-4a1c-a4c9-74c1ed2da7d6,5b0fa12a-3dd7-45bb-9766-cc326314d9f1,34.459627963,0.0005784105504165,1.678516526752867e-05,140.0,0.0,2.9038896560668945,0.0013400908463055,0,2.779457209046564e-05,0.001367885418396,United States,USA,arizona,,,Linux-6.5.0-1025-azure-x86_64-with-glibc2.31,3.12.1,2.8.3,2,AMD EPYC 7763 64-Core Processor,,,-112.0748,33.4532,7.743705749511719,machine,N,1.0
2025-03-08T16:18:32,codecarbon,2ca7b932-2a33-4a1c-a4c9-74c1ed2da7d6,5b0fa12a-3dd7-45bb-9766-cc326314d9f1,39.607573834999926,0.0006648196853576,1.6785165587954548e-05,140.0,0.0,2.9038896560668945,0.0015402879215888,0,3.194680478056927e-05,0.0015722347263694,United States,USA,arizona,,,Linux-6.5.0-1025-azure-x86_64-with-glibc2.31,3.12.1,2.8.3,2,AMD EPYC 7763 64-Core Processor,,,-112.0748,33.4532,7.743705749511719,machine,N,1.0
2025-03-08T16:18:41,codecarbon,2ca7b932-2a33-4a1c-a4c9-74c1ed2da7d6,5b0fa12a-3dd7-45bb-9766-cc326314d9f1,48.107759513999895,0.0008074904310726,1.67850350802079e-05,140.0,0.0,2.9038896560668945,0.0018708345694888,0,3.880277264340307e-05,0.0019096373421322,United States,USA,arizona,,,Linux-6.5.0-1025-azure-x86_64-with-glibc2.31,3.12.1,2.8.3,2,AMD EPYC 7763 64-Core Processor,,,-112.0748,33.4532,7.743705749511719,machine,N,1.0
2025-03-08T16:18:49,codecarbon,2ca7b932-2a33-4a1c-a4c9-74c1ed2da7d6,5b0fa12a-3dd7-45bb-9766-cc326314d9f1,56.131661366,0.0009421798748727,1.6785177063072174e-05,140.0,0.0,2.9038896560668945,0.0021828897538777,0,4.5275191274989394e-05,0.0022281649451527,United States,USA,arizona,,,Linux-6.5.0-1025-azure-x86_64-with-glibc2.31,3.12.1,2.8.3,2,AMD EPYC 7763 64-Core Processor,,,-112.0748,33.4532,7.743705749511719,machine,N,1.0
2025-03-08T16:18:56,codecarbon,2ca7b932-2a33-4a1c-a4c9-74c1ed2da7d6,5b0fa12a-3dd7-45bb-9766-cc326314d9f1,62.88230706799993,0.0010554907716046,1.678517886538786e-05,140.0,0.0,2.9038896560668945,0.00244541410435,0,5.07202325666908e-05,0.0024961343369166,United States,USA,arizona,,,Linux-6.5.0-1025-azure-x86_64-with-glibc2.31,3.12.1,2.8.3,2,AMD EPYC 7763 64-Core Processor,,,-112.0748,33.4532,7.743705749511719,machine,N,1.0
2025-03-08T16:24:48,codecarbon,e4152fe6-8a15-4a14-9168-cec6a5681311,5b0fa12a-3dd7-45bb-9766-cc326314d9f1,323.1064548779999,0.0054234134496176,1.67852216126895e-05,140.0,0.0,2.9038896560668945,0.0125652303999055,0,0.0002606217051828,0.0128258521050884,United States,USA,arizona,,,Linux-6.5.0-1025-azure-x86_64-with-glibc2.31,3.12.1,2.8.3,2,AMD EPYC 7763 64-Core Processor,,,-112.0748,33.4532,7.743705749511719,machine,N,1.0
2025-03-08T16:36:10,codecarbon,e4152fe6-8a15-4a14-9168-cec6a5681311,5b0fa12a-3dd7-45bb-9766-cc326314d9f1,1006.009173484,0.0168861117130771,1.6785246256351058e-05,140.0,0.0,2.9038896560668945,0.0391225575816444,0,0.0008114753800498,0.0399340329616942,United States,USA,arizona,,,Linux-6.5.0-1025-azure-x86_64-with-glibc2.31,3.12.1,2.8.3,2,AMD EPYC 7763 64-Core Processor,,,-112.0748,33.4532,7.743705749511719,machine,N,1.0
2025-03-08T16:53:27,codecarbon,e4152fe6-8a15-4a14-9168-cec6a5681311,5b0fa12a-3dd7-45bb-9766-cc326314d9f1,2042.742170164,0.034287937393373,1.6785249697283283e-05,140.0,0.0,2.9038896560668945,0.0794399388690055,0,0.0016477410730308,0.0810876799420363,United States,USA,arizona,,,Linux-6.5.0-1025-azure-x86_64-with-glibc2.31,3.12.1,2.8.3,2,AMD EPYC 7763 64-Core Processor,,,-112.0748,33.4532,7.743705749511719,machine,N,1.0
2025-03-08T17:17:07,codecarbon,e4152fe6-8a15-4a14-9168-cec6a5681311,5b0fa12a-3dd7-45bb-9766-cc326314d9f1,3462.458217561,0.0581182432986229,1.678525476606681e-05,140.0,0.0,2.9038896560668945,0.13465113024545,0,0.0027929352089791,0.1374440654544291,United States,USA,arizona,,,Linux-6.5.0-1025-azure-x86_64-with-glibc2.31,3.12.1,2.8.3,2,AMD EPYC 7763 64-Core Processor,,,-112.0748,33.4532,7.743705749511719,machine,N,1.0
2025-03-08T17:47:51,codecarbon,e4152fe6-8a15-4a14-9168-cec6a5681311,5b0fa12a-3dd7-45bb-9766-cc326314d9f1,5306.257820485999,0.0890668958472482,1.6785255986504376e-05,140.0,0.0,2.9038896560668945,0.20635444725455,0,0.0042802100896451,0.2106346573441951,United States,USA,arizona,,,Linux-6.5.0-1025-azure-x86_64-with-glibc2.31,3.12.1,2.8.3,2,AMD EPYC 7763 64-Core Processor,,,-112.0748,33.4532,7.743705749511719,machine,N,1.0
2025-03-08T18:24:56,codecarbon,e4152fe6-8a15-4a14-9168-cec6a5681311,5b0fa12a-3dd7-45bb-9766-cc326314d9f1,7531.581650233,0.1264195313186517,1.6785256695018475e-05,140.0,0.0,2.9038896560668945,0.2928948177825444,0,0.0060752362158137,0.2989700539983582,United States,USA,arizona,,,Linux-6.5.0-1025-azure-x86_64-with-glibc2.31,3.12.1,2.8.3,2,AMD EPYC 7763 64-Core Processor,,,-112.0748,33.4532,7.743705749511719,machine,N,1.0
2025-03-08T19:10:08,codecarbon,e4152fe6-8a15-4a14-9168-cec6a5681311,5b0fa12a-3dd7-45bb-9766-cc326314d9f1,10243.713655095,0.1719433678390997,1.6785257146814024e-05,140.0,0.0,2.9038896560668945,0.3983666172820055,0,0.0082629393324861,0.4066295566144917,United States,USA,arizona,,,Linux-6.5.0-1025-azure-x86_64-with-glibc2.31,3.12.1,2.8.3,2,AMD EPYC 7763 64-Core Processor,,,-112.0748,33.4532,7.743705749511719,machine,N,1.0
2025-03-08T20:02:59,codecarbon,e4152fe6-8a15-4a14-9168-cec6a5681311,5b0fa12a-3dd7-45bb-9766-cc326314d9f1,13414.270608243,0.2251619856498966,1.678525744899881e-05,140.0,0.0,2.9038896560668945,0.5216660536849611,0,0.0108204245194975,0.5324864782044587,United States,USA,arizona,,,Linux-6.5.0-1025-azure-x86_64-with-glibc2.31,3.12.1,2.8.3,2,AMD EPYC 7763 64-Core Processor,,,-112.0748,33.4532,7.743705749511719,machine,N,1.0
2025-03-08T20:58:03,codecarbon,e4152fe6-8a15-4a14-9168-cec6a5681311,5b0fa12a-3dd7-45bb-9766-cc326314d9f1,16718.648611059998,0.2806268243957209,1.6785257643974646e-05,140.0,0.0,2.9038896560668945,0.6501696420557334,0,0.0134858545898084,0.6636554966455419,United States,USA,arizona,,,Linux-6.5.0-1025-azure-x86_64-with-glibc2.31,3.12.1,2.8.3,2,AMD EPYC 7763 64-Core Processor,,,-112.0748,33.4532,7.743705749511719,machine,N,1.0
2025-03-08T21:57:39,codecarbon,e4152fe6-8a15-4a14-9168-cec6a5681311,5b0fa12a-3dd7-45bb-9766-cc326314d9f1,20295.023719591,0.3406572048817815,1.6785257784790936e-05,140.0,0.0,2.9038896560668945,0.7892508956210668,0,0.0163706873424331,0.8056215829635,United States,USA,arizona,,,Linux-6.5.0-1025-azure-x86_64-with-glibc2.31,3.12.1,2.8.3,2,AMD EPYC 7763 64-Core Processor,,,-112.0748,33.4532,7.743705749511719,machine,N,1.0
2025-03-09T15:10:24,codecarbon,97d68aff-6f9c-476e-840d-e098eab49fad,5b0fa12a-3dd7-45bb-9766-cc326314d9f1,4.595218410999678,7.713089549837976e-05,1.6785033615322788e-05,140.0,0.0,2.90388822555542,0.0001787009414166,0,3.706221080790801e-06,0.0001824071624974,United States,USA,arizona,,,Linux-6.5.0-1025-azure-x86_64-with-glibc2.31,3.12.1,2.8.3,2,AMD EPYC 7763 64-Core Processor,,,-112.0748,33.4532,7.743701934814453,machine,N,1.0
2025-03-09T15:10:28,codecarbon,97d68aff-6f9c-476e-840d-e098eab49fad,5b0fa12a-3dd7-45bb-9766-cc326314d9f1,8.59815704499988,0.0001443193335386,1.678491481178138e-05,140.0,0.0,2.90388822555542,0.0003343698931222,0,6.9314745620118e-06,0.0003413013676842,United States,USA,arizona,,,Linux-6.5.0-1025-azure-x86_64-with-glibc2.31,3.12.1,2.8.3,2,AMD EPYC 7763 64-Core Processor,,,-112.0748,33.4532,7.743701934814453,machine,N,1.0
2025-03-09T15:10:31,codecarbon,97d68aff-6f9c-476e-840d-e098eab49fad,5b0fa12a-3dd7-45bb-9766-cc326314d9f1,12.314166209999712,0.0002066930566305,1.6784981874182356e-05,140.0,0.0,2.90388822555542,0.0004788806289555,0,9.928605324480713e-06,0.00048880923428,United States,USA,arizona,,,Linux-6.5.0-1025-azure-x86_64-with-glibc2.31,3.12.1,2.8.3,2,AMD EPYC 7763 64-Core Processor,,,-112.0748,33.4532,7.743701934814453,machine,N,1.0
2025-03-09T15:10:36,codecarbon,97d68aff-6f9c-476e-840d-e098eab49fad,5b0fa12a-3dd7-45bb-9766-cc326314d9f1,16.902020165000067,0.0002837008938814,1.6785028719164883e-05,140.0,0.0,2.90388822555542,0.0006572963760222,0,1.3628999814851384e-05,0.000670925375837,United States,USA,arizona,,,Linux-6.5.0-1025-azure-x86_64-with-glibc2.31,3.12.1,2.8.3,2,AMD EPYC 7763 64-Core Processor,,,-112.0748,33.4532,7.743701934814453,machine,N,1.0
2025-03-09T15:10:41,codecarbon,97d68aff-6f9c-476e-840d-e098eab49fad,5b0fa12a-3dd7-45bb-9766-cc326314d9f1,22.23431979099996,0.000373204445802,1.678506243096683e-05,140.0,0.0,2.90388822555542,0.0008646627393833,0,1.7929943487927204e-05,0.0008825926828712,United States,USA,arizona,,,Linux-6.5.0-1025-azure-x86_64-with-glibc2.31,3.12.1,2.8.3,2,AMD EPYC 7763 64-Core Processor,,,-112.0748,33.4532,7.743701934814453,machine,N,1.0
2025-03-09T15:10:46,codecarbon,97d68aff-6f9c-476e-840d-e098eab49fad,5b0fa12a-3dd7-45bb-9766-cc326314d9f1,27.09835362900003,0.0004548480985452,1.6785082399195143e-05,140.0,0.0,2.90388822555542,0.0010538189013722,0,2.1853181609749177e-05,0.0010756720829819,United States,USA,arizona,,,Linux-6.5.0-1025-azure-x86_64-with-glibc2.31,3.12.1,2.8.3,2,AMD EPYC 7763 64-Core Processor,,,-112.0748,33.4532,7.743701934814453,machine,N,1.0
2025-03-09T15:10:52,codecarbon,97d68aff-6f9c-476e-840d-e098eab49fad,5b0fa12a-3dd7-45bb-9766-cc326314d9f1,32.98060539700009,0.0005535827762009,1.67851005018631e-05,140.0,0.0,2.90388822555542,0.0012825723680777,0,2.659774801913426e-05,0.0013091701160968,United States,USA,arizona,,,Linux-6.5.0-1025-azure-x86_64-with-glibc2.31,3.12.1,2.8.3,2,AMD EPYC 7763 64-Core Processor,,,-112.0748,33.4532,7.743701934814453,machine,N,1.0
2025-03-09T15:10:59,codecarbon,97d68aff-6f9c-476e-840d-e098eab49fad,5b0fa12a-3dd7-45bb-9766-cc326314d9f1,40.00416822499983,0.0006714680243732,1.6784951522966543e-05,140.0,0.0,2.90388822555542,0.0015556948072166,0,3.226260261608011e-05,0.0015879574098327,United States,USA,arizona,,,Linux-6.5.0-1025-azure-x86_64-with-glibc2.31,3.12.1,2.8.3,2,AMD EPYC 7763 64-Core Processor,,,-112.0748,33.4532,7.743701934814453,machine,N,1.0
2025-03-09T15:11:06,codecarbon,97d68aff-6f9c-476e-840d-e098eab49fad,5b0fa12a-3dd7-45bb-9766-cc326314d9f1,46.80806761299982,0.0007856793957966,1.6785127775247146e-05,140.0,0.0,2.90388822555542,0.0018203054345777,0,3.775090320946016e-05,0.0018580563377872,United States,USA,arizona,,,Linux-6.5.0-1025-azure-x86_64-with-glibc2.31,3.12.1,2.8.3,2,AMD EPYC 7763 64-Core Processor,,,-112.0748,33.4532,7.743701934814453,machine,N,1.0
2025-03-09T15:11:13,codecarbon,97d68aff-6f9c-476e-840d-e098eab49fad,5b0fa12a-3dd7-45bb-9766-cc326314d9f1,53.4719059199997,0.0008975331894703,1.6785135559095202e-05,140.0,0.0,2.90388822555542,0.0020794539123166,0,4.3125908398834416e-05,0.0021225798207154,United States,USA,arizona,,,Linux-6.5.0-1025-azure-x86_64-with-glibc2.31,3.12.1,2.8.3,2,AMD EPYC 7763 64-Core Processor,,,-112.0748,33.4532,7.743701934814453,machine,N,1.0
2025-03-09T15:13:16,codecarbon,7792d6ca-4eda-4625-84a2-2fb81fb882fd,5b0fa12a-3dd7-45bb-9766-cc326314d9f1,104.016623128,0.0017459425233935,1.6785225965709885e-05,140.0,0.0,2.90388822555542,0.0040450849538555,0,8.390148559974101e-05,0.0041289864394552,United States,USA,arizona,,,Linux-6.5.0-1025-azure-x86_64-with-glibc2.31,3.12.1,2.8.3,2,AMD EPYC 7763 64-Core Processor,,,-112.0748,33.4532,7.743701934814453,machine,N,1.0
2025-03-09T15:20:44,codecarbon,7792d6ca-4eda-4625-84a2-2fb81fb882fd,5b0fa12a-3dd7-45bb-9766-cc326314d9f1,551.5588818679998,0.0092580491879001,1.67852417797086e-05,140.0,0.0,2.90388822555542,0.0214494929358888,0,0.0004449045259183,0.0218943974618072,United States,USA,arizona,,,Linux-6.5.0-1025-azure-x86_64-with-glibc2.31,3.12.1,2.8.3,2,AMD EPYC 7763 64-Core Processor,,,-112.0748,33.4532,7.743701934814453,machine,N,1.0
2025-03-09T15:37:31,codecarbon,7792d6ca-4eda-4625-84a2-2fb81fb882fd,5b0fa12a-3dd7-45bb-9766-cc326314d9f1,1559.1462769439995,0.0261706690464572,1.6785255773276747e-05,140.0,0.0,2.90388822555542,0.0606334591878166,0,0.0012576604546914,0.061891119642508,United States,USA,arizona,,,Linux-6.5.0-1025-azure-x86_64-with-glibc2.31,3.12.1,2.8.3,2,AMD EPYC 7763 64-Core Processor,,,-112.0748,33.4532,7.743701934814453,machine,N,1.0
2025-03-09T16:00:08,codecarbon,7792d6ca-4eda-4625-84a2-2fb81fb882fd,5b0fa12a-3dd7-45bb-9766-cc326314d9f1,2916.13468131,0.048948069677264,1.6785256864499617e-05,140.0,0.0,2.90388822555542,0.1134052298648499,0,0.0023522554056871,0.1157574852705371,United States,USA,arizona,,,Linux-6.5.0-1025-azure-x86_64-with-glibc2.31,3.12.1,2.8.3,2,AMD EPYC 7763 64-Core Processor,,,-112.0748,33.4532,7.743701934814453,machine,N,1.0
2025-03-09T16:33:23,codecarbon,7792d6ca-4eda-4625-84a2-2fb81fb882fd,5b0fa12a-3dd7-45bb-9766-cc326314d9f1,4911.130975611,0.0824345975331301,1.6785257396413533e-05,140.0,0.0,2.90388822555542,0.1909884183688055,0,0.0039614902310904,0.1949499085998959,United States,USA,arizona,,,Linux-6.5.0-1025-azure-x86_64-with-glibc2.31,3.12.1,2.8.3,2,AMD EPYC 7763 64-Core Processor,,,-112.0748,33.4532,7.743701934814453,machine,N,1.0
2025-03-09T17:26:39,codecarbon,7792d6ca-4eda-4625-84a2-2fb81fb882fd,5b0fa12a-3dd7-45bb-9766-cc326314d9f1,8106.618723001,0.1360716846847703,1.6785257742379393e-05,140.0,0.0,2.90388822555542,0.3152573857594777,0,0.0065390842441353,0.3217964700036131,United States,USA,arizona,,,Linux-6.5.0-1025-azure-x86_64-with-glibc2.31,3.12.1,2.8.3,2,AMD EPYC 7763 64-Core Processor,,,-112.0748,33.4532,7.743701934814453,machine,N,1.0
2025-03-09T18:31:46,codecarbon,7792d6ca-4eda-4625-84a2-2fb81fb882fd,5b0fa12a-3dd7-45bb-9766-cc326314d9f1,12014.303202649,0.2016631779722926,1.678525791889691e-05,140.0,0.0,2.90388822555542,0.4672228926748443,0,0.0096911614983778,0.4769140541732222,United States,USA,arizona,,,Linux-6.5.0-1025-azure-x86_64-with-glibc2.31,3.12.1,2.8.3,2,AMD EPYC 7763 64-Core Processor,,,-112.0748,33.4532,7.743701934814453,machine,N,1.0
2025-03-09T19:56:33,codecarbon,7792d6ca-4eda-4625-84a2-2fb81fb882fd,5b0fa12a-3dd7-45bb-9766-cc326314d9f1,17100.661359899997,0.2870390132276494,1.6785258019361657e-05,140.0,0.0,2.90388822555542,0.6650257087752831,0,0.0137939988219449,0.6788197075972282,United States,USA,arizona,,,Linux-6.5.0-1025-azure-x86_64-with-glibc2.31,3.12.1,2.8.3,2,AMD EPYC 7763 64-Core Processor,,,-112.0748,33.4532,7.743701934814453,machine,N,1.0
2025-03-09T21:47:15,codecarbon,7792d6ca-4eda-4625-84a2-2fb81fb882fd,5b0fa12a-3dd7-45bb-9766-cc326314d9f1,23743.056692623,0.3985333348077451,1.6785258105860055e-05,140.0,0.0,2.90388822555542,0.9233410822782608,0,0.019151991258693,0.942493073536954,United States,USA,arizona,,,Linux-6.5.0-1025-azure-x86_64-with-glibc2.31,3.12.1,2.8.3,2,AMD EPYC 7763 64-Core Processor,,,-112.0748,33.4532,7.743701934814453,machine,N,1.0
2025-03-10T00:06:18,codecarbon,7792d6ca-4eda-4625-84a2-2fb81fb882fd,5b0fa12a-3dd7-45bb-9766-cc326314d9f1,32085.556926125995,0.5385643488211096,1.6785257929638056e-05,140.0,0.0,2.90388822555542,1.2477716288604777,0,0.025881348406033046,1.273652977266511,United States,USA,arizona,,,Linux-6.5.0-1025-azure-x86_64-with-glibc2.31,3.12.1,2.8.3,2,AMD EPYC 7763 64-Core Processor,,,-112.0748,33.4532,7.743701934814453,machine,N,1.0
